SA2 code,SA2 name,2001,2002,2003,2004,2005,2006,2007,2008,2009,2010,2011,2012,2013,2014,2015,2016,2017,2018,2019,2020,2021
101021007,Braidwood,2760,2811,2835,2844,2847,2965,3102,3181,3308,3429,3458,3590,3685,3762,3849,3950,4041,4145,4222,4292,4360
101021008,Karabar,9129,9199,9263,9277,9209,9212,9033,8994,9030,9101,9092,9012,8848,8731,8603,8531,8484,8424,8370,8371,8374
101021009,Queanbeyan,9717,9513,9522,9400,9595,9682,9793,10074,10288,10584,10715,10870,11050,11199,11213,11230,11351,11441,11449,11449,11401
101021010,Queanbeyan - East,3925,4073,4219,4218,4187,4319,4459,4595,4712,4813,4951,4971,4983,4967,4961,4970,5016,5077,5148,5082,5126
101021011,Queanbeyan Region,10268,10761,11185,11532,12035,12582,13092,13631,14028,14337,14612,14991,15409,15960,16618,17291,18201,19151,20238,21494,22697
101021012,Queanbeyan West - Jerrabomberra,9425,10257,11085,11549,12046,12358,12622,12798,12988,13146,13223,13204,13210,13193,13164,13150,13145,13136,13135,13079,13115
101031013,Bombala,2622,2617,2590,2576,2577,2589,2567,2534,2516,2503,2484,2462,2451,2437,2428,2420,2414,2412,2423,2421,2411
101031014,Cooma,6915,6945,6981,7008,7013,7022,6964,6936,6932,6934,6935,6931,6924,6914,6887,6870,6857,6865,6853,6807,6743
101031015,Cooma Region,2932,2946,2991,3023,3082,3141,3186,3196,3211,3244,3271,3282,3294,3305,3314,3327,3342,3368,3382,3459,3520
101031016,Jindabyne - Berridale,6341,6497,6522,6521,6533,6585,6696,6774,6842,6896,6905,6932,6963,6987,7020,7071,7117,7168,7214,7342,7522
101041017,Batemans Bay,6537,6724,6993,7162,7293,7382,7501,7597,7644,7669,7772,7771,7776,7800,7829,7871,7914,7964,8025,8174,8192
101041018,Batemans Bay - South,7290,7412,7606,7746,7845,7892,8068,8200,8295,8460,8580,8559,8546,8532,8519,8510,8524,8505,8527,8582,8699
101041019,Bega - Tathra,7928,7971,8061,8151,8159,8178,8231,8236,8275,8349,8353,8395,8448,8500,8540,8593,8635,8663,8696,8796,8828
101041020,Bega-Eden Hinterland,8429,8504,8549,8658,8741,8798,8826,8883,8993,9090,9073,9039,9014,8996,8971,8952,8928,8914,8893,8879,8996
101041021,Broulee - Tomakin,2637,2695,2706,2756,2788,2811,2796,2790,2827,2879,2900,2972,3067,3165,3275,3341,3398,3467,3529,3662,3730
101041022,Deua - Wadbilliga,38,38,37,37,35,34,40,45,51,56,61,55,46,40,32,25,25,25,25,25,25
101041023,Eden,3365,3324,3283,3270,3275,3234,3255,3270,3280,3312,3321,3320,3316,3310,3303,3298,3286,3260,3236,3266,3299
101041024,Eurobodalla Hinterland,3059,3100,3159,3223,3276,3347,3361,3372,3366,3361,3328,3310,3318,3340,3356,3379,3386,3397,3406,3495,3575
101041025,Merimbula - Tura Beach,8705,8937,9079,9221,9330,9490,9677,9798,9871,10048,10152,10317,10429,10532,10667,10846,10994,11167,11307,11435,11538
101041026,Moruya - Tuross Head,7421,7568,7620,7628,7643,7640,7700,7725,7752,7816,7885,7863,7874,7933,8018,8070,8119,8174,8243,8313,8396
101041027,Narooma - Bermagui,8684,8790,8848,8935,8914,8902,8864,8846,8860,8949,8982,9008,9037,9065,9101,9134,9171,9189,9204,9242,9316
101051539,Goulburn,21460,21370,21282,21190,21120,21024,21053,21281,21629,21973,22202,22442,22673,22897,23138,23415,23657,23812,24066,24383,24464
101051540,Goulburn Region,10839,11003,11107,11183,11329,11450,11495,11657,11783,11907,11956,12148,12346,12533,12715,12905,13010,13112,13259,13531,13762
101061541,Yass,5342,5444,5588,5651,5684,5747,5822,5953,6168,6404,6549,6563,6586,6612,6635,6664,6676,6672,6691,6713,6670
101061542,Yass Region,8258,8526,8793,9007,9158,9355,9723,10007,10276,10566,10840,11107,11298,11470,11619,11831,11980,12121,12279,12547,12942
101061543,Young,9811,9871,9953,10045,10157,10269,10314,10356,10428,10542,10605,10647,10683,10714,10740,10775,10770,10806,10826,10712,10669
101061544,Young Region,7660,7570,7522,7474,7443,7439,7400,7416,7461,7558,7623,7585,7534,7492,7444,7396,7356,7300,7235,7252,7233
102011028,Avoca Beach - Copacabana,7099,7118,7084,7028,6986,6949,6996,7136,7237,7270,7289,7362,7428,7502,7562,7626,7682,7728,7760,7777,7763
102011029,Box Head - MacMasters Beach,10153,10348,10407,10445,10476,10519,10553,10660,10749,10780,10699,10748,10810,10871,10933,10995,11036,11105,11142,11141,11175
102011030,Calga - Kulnura,4793,4807,4788,4744,4743,4756,4727,4713,4682,4652,4578,4632,4691,4746,4799,4858,4893,4933,4970,4996,5034
102011031,Erina - Green Point,13184,13358,13612,13683,13650,13674,13729,13862,14027,14108,14072,14122,14186,14243,14285,14342,14351,14370,14392,14342,14161
102011032,Gosford - Springfield,16067,16287,16694,16738,17048,17202,17576,17949,18173,18305,18748,18932,18998,19046,19194,19382,19512,19631,19884,20278,20532
102011033,Kariong,6558,6543,6496,6458,6455,6446,6535,6647,6729,6721,6669,6640,6643,6633,6607,6586,6571,6575,6552,6587,6530
102011034,Kincumber - Picketts Valley,7319,7432,7414,7397,7398,7394,7325,7339,7361,7384,7339,7365,7400,7425,7448,7483,7486,7523,7556,7533,7527
102011035,Narara,7037,6961,6814,6729,6654,6598,6580,6626,6680,6738,6725,6747,6779,6798,6822,6848,6876,6897,6919,6960,6989
102011036,Niagara Park - Lisarow,7341,7467,7489,7526,7581,7666,7799,7985,8179,8280,8299,8277,8264,8243,8215,8201,8179,8144,8120,8085,8079
102011037,Point Clare - Koolewong,6393,6368,6265,6187,6122,6101,6124,6240,6359,6442,6513,6485,6465,6438,6410,6389,6347,6303,6269,6319,6252
102011038,Saratoga - Davistown,6528,6572,6501,6491,6494,6512,6603,6695,6766,6836,6843,6899,6975,7072,7129,7195,7238,7299,7339,7360,7372
102011039,Terrigal - North Avoca,11850,11914,12025,11968,11976,12079,12429,12748,12989,13160,13224,13328,13445,13549,13765,13939,14097,14270,14449,14783,14882
102011040,Umina - Booker Bay - Patonga,22465,22440,22299,22204,22264,22318,22403,22779,22914,23179,23310,23408,23530,23722,23958,24235,24470,24645,24810,25125,25220
102011041,Wamberal - Forresters Beach,9039,9077,9028,9057,9049,9079,9032,9103,9230,9296,9511,9623,9709,9786,9861,10069,10246,10315,10430,10512,10572
102011042,Woy Woy - Blackwall,13029,13084,13022,13104,13155,13260,13271,13365,13529,13622,13669,13740,13843,13943,14070,14216,14376,14454,14513,14556,14554
102011043,Wyoming,11741,11612,11520,11464,11411,11332,11293,11306,11477,11578,11530,11577,11629,11677,11722,11773,11784,11814,11830,11831,11778
102021044,Bateau Bay - Killarney Vale,21439,21461,21431,21473,21488,21468,21423,21717,21897,22050,22025,22099,22175,22270,22365,22478,22554,22595,22612,22658,22669
102021045,Blue Haven - San Remo,9010,9356,9631,9906,10050,10169,10373,10615,10790,10945,11087,11121,11155,11186,11237,11302,11372,11401,11439,11318,11339
102021046,Budgewoi - Buff Point - Halekulani,9024,8993,8938,8895,8893,8879,8845,8960,9064,9173,9216,9269,9347,9419,9495,9590,9669,9726,9769,9843,9944
102021047,Chittaway Bay - Tumbi Umbi,15143,15243,15128,15063,15021,15054,15193,15409,15620,15758,15748,15746,15754,15748,15739,15744,15741,15745,15745,15739,15801
102021048,Gorokan - Kanwal - Charmhaven,20668,20572,20388,20291,20217,20191,20175,20615,20964,21212,21295,21607,21892,22095,22314,22584,22683,22773,22893,22798,22693
102021049,Jilliby - Yarramalong,3011,3007,2980,2940,2935,2918,2926,3002,3083,3119,3138,3203,3269,3321,3369,3423,3471,3528,3576,3578,3605
102021050,Lake Munmorah - Mannering Park,9041,9202,9326,9453,9584,9746,9876,10097,10297,10400,10400,10501,10611,10714,10808,10925,11043,11162,11234,11291,11382
102021051,Ourimbah - Fountaindale,4617,4686,4755,4771,4771,4776,4845,4931,4948,4970,4959,4972,4985,4998,5005,5014,5019,5018,5017,4976,4918
102021052,Summerland Point - Gwandalan,4707,4854,4997,5042,5106,5183,5305,5423,5453,5500,5527,5598,5671,5741,5818,5897,5961,6065,6127,6191,6277
102021053,The Entrance,11941,11893,11846,11742,11761,11783,12494,13219,13584,14041,14424,14580,14748,14931,15182,15383,15580,15719,15858,15925,15907
102021054,Toukley - Norah Head,8986,8987,8982,8992,9021,9049,8988,9112,9186,9277,9300,9428,9559,9715,9853,10040,10176,10284,10370,10343,10404
102021055,Tuggerah - Kangy Angy,4374,4570,4643,4712,4771,4827,4937,5050,5097,5133,5318,5344,5361,5387,5409,5442,5456,5461,5470,5478,5442
102021056,Warnervale - Wadalba,4524,5741,7218,7915,8691,9432,10358,11023,11611,12198,12786,13294,13777,14389,15004,15637,16451,17045,17633,18257,19018
102021057,Wyong,7515,7577,7598,7581,7632,7691,7786,8012,8121,8234,8416,8516,8646,8769,8886,9015,9122,9213,9292,9286,9387
103011058,Bathurst,22680,22702,22669,22623,22656,22708,22722,23028,23606,23730,23934,24005,24155,24234,24326,24454,24585,24720,24853,24952,25124
103011059,Bathurst - East,7368,7646,7911,8067,8263,8449,8725,8986,9225,9598,9820,10060,10340,10647,11048,11424,11774,12042,12333,12592,12963
103011060,Bathurst Region,6058,6141,6188,6205,6293,6403,6448,6542,6692,6784,6811,6840,6883,6923,6963,7006,7025,7043,7073,7101,7119
103011061,Oberon,4710,4704,4646,4608,4597,4562,4553,4544,4572,4599,4611,4624,4643,4665,4681,4704,4732,4715,4717,4724,4714
103021062,Condobolin,8006,7886,7731,7577,7424,7290,7171,7161,7139,7119,7138,7092,7034,6976,6898,6807,6709,6616,6528,6455,6382
103021063,Cowra,9928,9859,9766,9697,9618,9560,9436,9302,9286,9251,9201,9222,9246,9264,9281,9300,9315,9313,9291,9282,9311
103021064,Cowra Region,5320,5309,5324,5340,5373,5400,5416,5435,5455,5492,5518,5517,5527,5525,5520,5519,5523,5551,5556,5583,5618
103021065,Forbes,10785,10718,10584,10369,10299,10223,10192,10123,10100,10100,10131,10176,10248,10312,10358,10404,10438,10457,10489,10507,10486
103021066,Grenfell,3815,3789,3753,3741,3739,3716,3700,3690,3682,3709,3740,3724,3710,3693,3676,3665,3650,3629,3606,3589,3571
103021067,Parkes (NSW),10760,10798,10777,10753,10759,10799,10885,10989,11039,11207,11318,11306,11297,11288,11264,11251,11236,11211,11206,11165,11106
103021068,Parkes Region,3789,3745,3690,3610,3545,3489,3477,3464,3463,3489,3495,3481,3459,3444,3434,3420,3419,3407,3390,3347,3279
103021069,West Wyalong,6584,6513,6422,6311,6213,6197,6159,6054,6078,6030,6004,6005,6000,6006,5999,5997,5981,5966,5959,5923,5912
103031070,Lithgow,12829,12735,12663,12597,12491,12386,12362,12377,12514,12595,12686,12796,12867,12976,13032,13040,13013,12960,12905,12842,12756
103031071,Lithgow Region,7567,7614,7668,7711,7712,7773,7905,7940,8052,8117,8157,8196,8242,8298,8359,8435,8492,8564,8604,8580,8700
103031072,Mudgee,9877,9844,9802,9743,9702,9705,9982,10210,10422,10643,10832,11092,11372,11638,11880,12019,12212,12394,12516,12649,12666
103031073,Mudgee Region - East,3638,3621,3572,3557,3552,3541,3493,3471,3445,3442,3455,3468,3494,3499,3503,3497,3491,3488,3475,3455,3458
103031074,Mudgee Region - West,9827,9805,9757,9741,9718,9714,9723,9839,10005,10130,10230,10302,10363,10413,10478,10514,10554,10591,10629,10625,10748
103031075,Wollangambe - Wollemi,0,0,0,0,0,0,0,0,0,0,0,0,0,0,0,0,0,0,0,0,0
103041076,Blayney,6495,6566,6589,6606,6674,6770,6875,6905,7067,7157,7239,7285,7314,7334,7334,7355,7362,7344,7381,7384,7420
103041077,Orange,21667,21375,21100,20747,20391,20181,20065,20064,20131,20241,20375,20158,19945,19765,19565,19390,19165,18994,18871,18696,18640
103041078,Orange - North,13657,13966,14227,14348,14557,14708,15266,15795,16155,16747,17410,18009,18640,19276,19657,20196,20798,21444,21926,22192,22522
103041079,Orange Region,10469,10541,10597,10610,10706,10823,10847,10961,11140,11208,11294,11382,11460,11550,11644,11762,11882,11963,12047,12080,12212
104011080,Grafton,18513,18401,18323,18311,18278,18391,18383,18436,18695,18891,19051,19043,19055,19046,19037,19037,19074,19058,19044,19021,18970
104011081,Grafton Region,14917,14948,14886,14774,14879,14964,15100,15168,15300,15388,15431,15469,15515,15551,15577,15611,15609,15631,15650,15650,16854
104011082,Maclean - Yamba - Iluka,14359,14615,14856,15126,15293,15382,15668,15796,15996,16294,16365,16403,16453,16487,16521,16567,16583,16616,16662,16762,16844
104021083,Bellingen,5539,5597,5625,5613,5658,5713,5804,5851,5878,5897,5894,5914,5931,5958,5981,6007,6019,6030,6051,6176,6254
104021084,Coffs Harbour - North,14968,15151,15277,15434,15758,16185,16454,16617,16726,16908,16985,17127,17286,17452,17634,17845,18054,18269,18413,18654,18642
104021085,Coffs Harbour - South,8534,8587,8696,8817,8818,8967,9049,9234,9525,9880,10206,10247,10324,10367,10442,10531,10614,10674,10727,10563,10286
104021086,Coramba - Nana Glen - Bucca,3649,3666,3695,3713,3719,3727,3725,3754,3761,3737,3681,3726,3769,3817,3868,3917,3952,4012,4046,4000,4056
104021087,Dorrigo,3473,3454,3418,3384,3356,3325,3294,3304,3338,3357,3365,3333,3303,3284,3275,3262,3244,3216,3185,3128,3078
104021088,Korora - Emerald Beach,6726,6877,7013,7161,7226,7357,7516,7676,7862,7944,8019,8134,8332,8539,8720,9011,9300,9608,9931,10152,10326
104021089,Sawtell - Boambee,17898,18318,18815,19159,19134,19169,19277,19366,19464,19603,19685,19724,19781,19819,19842,19889,19927,19966,20001,20036,20085
104021090,Urunga,4639,4643,4677,4647,4651,4642,4649,4652,4673,4690,4706,4709,4717,4723,4727,4739,4755,4765,4798,4823,4886
104021091,Woolgoolga - Arrawarra,10248,10384,10507,10612,10722,10700,10945,11325,11410,11668,11794,11996,12203,12403,12601,12830,13019,13237,13457,13614,14104
105011092,Bourke - Brewarrina,5597,5438,5248,5069,4919,4747,4636,4572,4536,4532,4551,4476,4403,4339,4261,4185,4132,4055,3990,3968,3940
105011093,Cobar,5149,5139,5078,5034,5041,5058,5036,4978,4963,4947,4890,4865,4843,4829,4802,4783,4754,4729,4672,4520,4471
105011094,Coonamble,5086,4962,4839,4721,4622,4516,4473,4460,4452,4476,4461,4437,4394,4350,4297,4245,4218,4168,4118,4069,4046
105011095,Nyngan - Warren,5994,5882,5743,5640,5524,5420,5416,5380,5384,5414,5406,5360,5295,5236,5164,5096,5027,4953,4874,4778,4728
105011096,Walgett - Lightning Ridge,8706,8493,8239,7949,7729,7548,7385,7306,7330,7317,7190,7071,6951,6855,6747,6629,6510,6379,6277,6145,6087
105021097,Broken Hill,20929,20681,20403,20111,19915,19753,19708,19604,19421,19267,19151,18985,18802,18627,18360,18114,17883,17715,17477,17271,17230
105021098,Far West,3279,3151,3021,2944,2853,2738,2739,2739,2759,2774,2786,2740,2708,2665,2618,2579,2516,2493,2449,2387,2337
105031099,Coonabarabran,9110,8982,8833,8662,8554,8447,8386,8441,8472,8475,8444,8352,8278,8221,8157,8100,8036,7972,7907,7851,7815
105031100,Dubbo - East,10797,10828,10811,10801,10821,10897,11038,11077,11158,11211,11290,11170,11051,10921,10788,10690,10601,10528,10452,10402,10339
105031101,Dubbo - South,15475,15460,15444,15480,15464,15449,15651,15844,16016,16232,16297,16446,16611,16873,17122,17389,17813,18213,18465,18641,18774
105031102,Dubbo - West,7147,7189,7214,7252,7281,7348,7272,7298,7428,7613,7694,7925,8205,8529,8805,9039,9299,9597,9844,10009,10250
105031103,Dubbo Region,5406,5414,5423,5433,5449,5457,5433,5416,5384,5373,5330,5371,5385,5461,5561,5713,5787,5908,5994,6063,6138
105031104,Gilgandra,4832,4806,4764,4720,4687,4678,4629,4593,4607,4618,4607,4575,4545,4507,4474,4441,4410,4388,4397,4390,4380
105031105,Narromine,7125,7046,6933,6845,6794,6751,6756,6805,6826,6901,6925,6885,6851,6813,6761,6712,6668,6632,6592,6533,6462
105031106,Wellington,8950,8860,8771,8668,8585,8511,8464,8832,9053,9068,8969,8987,9012,9032,9049,9060,9107,9450,9440,9414,9133
106011107,Branxton - Greta - Pokolbin,7490,7549,7648,7758,7905,8082,8386,8737,9003,9309,9602,9801,9927,10047,10186,10365,10576,11003,11297,11496,12095
106011108,Cessnock,19520,19485,19395,19286,19154,19054,19315,19604,19885,20345,20896,21158,21520,21899,22182,22493,22814,23414,23666,23876,24112
106011109,Cessnock Region,6288,6386,6508,6564,6648,6711,6843,6991,7091,7157,7240,7391,7554,7704,7883,8073,8214,8395,8627,8833,9081
106011110,Dungog,8338,8321,8312,8233,8263,8245,8245,8286,8415,8457,8556,8657,8791,8918,9008,9101,9193,9336,9422,9664,9784
106011111,Kurri Kurri - Abermain,15222,15357,15442,15511,15507,15551,15828,16065,16270,16523,16741,17034,17379,17577,17791,17967,18229,18599,18832,19541,20279
106011112,Singleton,14899,15154,15425,15640,15967,16245,16348,16442,16509,16649,16730,16671,16649,16625,16570,16517,16470,16328,16274,16101,16147
106011113,Singleton Region,4684,4718,4730,4732,4775,4791,4770,4797,4829,4887,4927,4949,4972,4993,5010,5030,5045,5102,5159,5221,5274
106021114,Maitland,3843,3865,3912,3986,4082,4134,4274,4383,4496,4704,4936,5244,5628,6095,6482,6768,7063,7435,7723,8100,8509
106021115,Maitland - East,22534,23078,23500,23801,24323,24967,25380,25638,26012,26448,26824,27158,27395,27673,27833,28013,28296,28538,28863,29126,29430
106021116,Maitland - North,5235,5341,5461,5551,5717,5867,6085,6264,6538,6678,6828,7030,7200,7431,7606,7761,7917,8068,8288,8503,8701
106021117,Maitland - West,13919,14428,14902,15414,15947,16378,17222,17757,17970,18303,18914,19906,20792,21535,22361,23091,23741,24252,24736,25250,26195
106021118,Thornton - Millers Forest,6793,7215,7683,8001,8268,8588,8709,8798,8879,8964,9038,9333,9546,9719,9867,10222,10783,11601,12335,13255,14490
106031119,Anna Bay,4975,5064,5155,5227,5297,5332,5464,5522,5534,5597,5674,5674,5710,5779,5812,5838,5875,5901,5935,5973,6072
106031120,Lemon Tree Passage - Tanilba Bay,5865,5900,5929,5968,6026,5987,6068,6166,6251,6424,6568,6634,6678,6728,6740,6779,6831,6817,6837,6936,6985
106031121,Nelson Bay Peninsula,17533,17823,18176,18160,18159,18288,18817,19255,19713,20132,20442,20673,20882,21093,21325,21621,21851,22128,22338,22520,22680
106031122,Raymond Terrace,13601,13651,13656,13766,13853,13719,13864,13897,13961,14075,14170,14179,14174,14158,14133,14120,14076,14009,13993,13995,14031
106031123,Seaham - Woodville,4443,4642,4812,4987,5134,5188,5226,5284,5401,5470,5459,5458,5465,5464,5469,5480,5498,5528,5565,5603,5623
106031124,Tea Gardens - Hawks Nest,3797,3887,4021,4060,4142,4177,4307,4428,4520,4624,4686,4802,4877,4945,5014,5112,5195,5283,5365,5456,5585
106031125,Williamtown - Medowie - Karuah,10830,11120,11587,11920,12173,12138,12409,12547,12758,12967,13040,13277,13454,13597,13780,14004,14229,14483,14733,15155,15664
106041126,Muswellbrook,11222,11403,11457,11471,11538,11680,11749,11770,11859,12038,12222,12263,12282,12309,12333,12376,12394,12348,12370,12363,12210
106041127,Muswellbrook Region,3877,3936,3945,3931,3929,3959,3964,3979,4019,4070,4106,4135,4133,4122,4102,4086,4051,4016,4005,3992,4002
106041128,Scone,5388,5388,5379,5370,5418,5480,5541,5672,5825,5972,6096,6168,6215,6148,6035,5941,5876,5822,5782,5755,5719
106041129,Scone Region,8042,8027,7956,7865,7863,7853,7833,7927,7976,8011,8110,8220,8299,8360,8377,8403,8413,8401,8411,8427,8448
107011131,Dapto - Avondale,21968,22058,22065,22102,22109,22178,22394,22723,23003,23313,23404,23430,23518,23650,23813,24032,24344,24494,24617,24663,24718
107011132,Horsley - Kembla Grange,6136,6652,7080,7313,7391,7529,7576,7607,7655,7712,7758,7866,8001,8294,8626,8856,9323,9719,10153,10702,11674
107011133,Port Kembla Industrial,30,30,30,30,30,29,30,30,31,31,32,28,24,19,15,11,11,11,11,11,11
107011134,Unanderra - Mount Kembla,16092,16065,16043,16091,16093,16058,16159,16211,16228,16245,16126,16089,16086,16026,15991,15894,15882,15833,15762,15643,15501
107011545,Berkeley - Lake Heights - Cringila,13786,13667,13592,13514,13343,13290,13401,13453,13458,13516,13497,13635,13834,13983,14181,14369,14524,14637,14738,14803,14862
107011546,Port Kembla - Warrawong,10145,10052,9931,9831,9715,9628,9622,9737,9875,10033,10120,10121,10119,10110,10111,10118,10138,10162,10169,10069,10034
107011547,Windang - Primbee,4145,4154,4133,4099,4081,4050,4089,4142,4260,4359,4393,4383,4378,4369,4357,4343,4356,4377,4390,4347,4336
107021135,Illawarra Catchment Reserve,13,13,13,13,13,13,13,13,13,13,13,11,10,8,7,5,5,5,5,5,5
107031136,Albion Park - Macquarie Pass,11670,12178,12500,12683,12837,13067,13344,13569,13766,13946,14059,14181,14314,14424,14559,14706,14914,15230,15676,16850,18198
107031137,Albion Park Rail,7587,7449,7353,7311,7242,7158,7137,7173,7228,7265,7236,7219,7203,7166,7112,7045,6957,6922,6923,6878,6878
107031138,Kiama,6699,6813,6867,6816,6800,6787,6881,6992,7187,7319,7449,7480,7553,7692,7789,7862,8057,8217,8467,8663,8859
107031139,Kiama Downs - Minnamurra,6311,6246,6168,6077,6016,5972,5922,5917,5929,5959,5978,6005,6037,6062,6088,6112,6134,6181,6199,6244,6264
107031140,Kiama Hinterland - Gerringong,6716,6731,6773,6740,6758,6792,6904,6963,7046,7183,7314,7439,7592,7777,7930,8051,8157,8443,8579,8638,8746
107031141,Shellharbour - Flinders,8143,8996,9865,10413,11018,11507,12155,12871,13320,13716,14042,14525,15179,15994,16641,17384,17830,18591,19112,19533,19953
107031142,Shellharbour - Oak Flats,10170,9998,9919,9918,9893,9822,9771,9804,9868,9917,9964,9978,10028,10076,10149,10217,10285,10353,10436,10530,10676
107031143,Warilla,21813,21433,21178,21057,20873,20689,20509,20539,20596,20753,20917,20937,20977,20998,21013,21039,21050,21064,21078,20834,20659
107041144,Balgownie - Fairy Meadow,19963,20295,20282,20236,20194,20056,20224,20491,20660,20892,21041,21148,21378,21513,21754,21858,22176,22262,22480,22732,22585
107041145,Corrimal - Tarrawanna - Bellambi,15582,15499,15460,15457,15399,15309,15300,15351,15517,15677,15801,15815,15865,15896,15918,15955,15968,15983,16058,16001,16006
107041146,Figtree - Keiraville,19880,19899,19913,19953,19955,19991,20120,20289,20536,20813,20964,21050,21258,21355,21536,21816,22105,22368,22494,22761,22626
107041147,Helensburgh,8118,8166,8165,8191,8191,8252,8343,8436,8549,8669,8777,8824,8871,8947,9015,9096,9168,9226,9288,9355,9334
107041148,Thirroul - Austinmer - Coalcliff,10592,10604,10577,10512,10538,10498,10580,10781,10951,11086,11165,11211,11337,11494,11607,11686,11822,11943,12069,12230,12283
107041150,Woonona - Bulli - Russell Vale,17234,17728,17985,18117,18347,18332,18493,18712,18958,19183,19263,19489,19768,19920,20122,20346,20692,20914,21147,21289,21349
107041548,Wollongong - East,9764,9976,10155,10130,10322,10695,11209,11944,12425,12852,13357,13490,13656,13982,14241,14619,15141,15905,16494,16866,17152
107041549,Wollongong - West,14827,14993,15051,15052,15000,15001,15217,15517,15768,16074,16357,16484,16633,16878,17049,17420,17756,18040,18228,18340,18209
108011151,Bulahdelah - Stroud,4293,4282,4282,4325,4352,4378,4455,4526,4642,4768,4860,4847,4839,4828,4804,4785,4782,4763,4748,4762,4825
108011152,Forster,13027,13217,13346,13520,13588,13572,13758,13813,13968,14139,14265,14286,14338,14383,14450,14571,14692,14775,14827,14734,14705
108011153,Forster-Tuncurry Region,4949,5046,5155,5301,5419,5518,5610,5651,5730,5801,5834,5910,5993,6066,6131,6216,6307,6398,6456,6585,6764
108011154,Tuncurry,5825,5944,5936,5948,5885,5853,5882,5904,5945,5998,6008,6025,6073,6120,6185,6284,6327,6367,6389,6355,6337
108021155,Kempsey,13718,13778,13829,13872,14159,14213,14349,14472,14643,14722,14796,14865,14936,15006,15055,15125,15279,15291,15375,15374,15463
108021156,Kempsey Region,9334,9347,9329,9322,9344,9315,9290,9283,9285,9270,9258,9244,9221,9199,9167,9133,9130,9123,9125,9205,9240
108021157,Macksville - Scotts Head,4616,4564,4498,4534,4509,4489,4475,4560,4632,4720,4791,4808,4843,4860,4880,4896,4958,5014,5045,5044,5035
108021158,Nambucca Heads,6697,6688,6624,6731,6780,6739,6760,6781,6813,6872,6879,6888,6909,6898,6885,6873,6863,6842,6815,6842,6839
108021159,Nambucca Heads Region,6713,6753,6727,6871,6958,7071,7221,7354,7447,7548,7565,7612,7673,7740,7773,7808,7839,7858,7904,7938,7999
108021160,South West Rocks,4157,4239,4371,4484,4582,4562,4647,4753,4904,5044,5129,5149,5161,5179,5190,5206,5248,5281,5317,5414,5461
108031161,Lord Howe Island,363,364,359,354,357,357,364,371,377,385,392,399,398,403,411,414,416,421,416,403,422
108041162,Laurieton - Bonny Hills,13784,14301,14659,14978,15212,15311,15550,15868,16030,16101,16267,16330,16374,16502,16751,17001,17421,17825,18147,18625,18942
108041163,Port Macquarie - East,24844,25288,25656,25952,26010,26006,26276,26744,27018,27451,27792,28045,28185,28381,28574,28724,28953,29152,29250,29304,29421
108041164,Port Macquarie - West,12360,12802,13227,13519,13773,13836,14264,14752,14916,15261,15483,15908,16293,16846,17224,17652,18166,18778,19468,20179,20944
108041165,Port Macquarie Region,5244,5245,5249,5249,5238,5225,5223,5218,5211,5204,5208,5251,5290,5325,5342,5375,5406,5433,5461,5487,5504
108041166,Wauchope,8642,8845,9029,9233,9400,9585,9796,9941,10121,10415,10516,10761,10925,11019,11131,11345,11501,11788,12103,12282,12668
108051167,Gloucester,4888,4892,4866,4850,4858,4879,4851,4845,4874,4929,4991,4998,5026,5059,5084,5108,5140,5162,5172,5184,5255
108051168,Old Bar - Manning Point - Red Head,7700,7932,8373,8634,8884,8980,9299,9543,9651,9800,9869,10002,10151,10306,10484,10661,10872,11113,11352,11650,11854
108051169,Taree,20386,20354,20360,20356,20291,20221,20184,20205,20347,20555,20841,20857,20882,20889,20882,20894,20894,20879,20898,20911,20927
108051170,Taree Region,10888,11001,11156,11304,11422,11448,11516,11629,11748,11824,11880,11981,12144,12249,12376,12538,12667,12782,12910,13080,13327
108051171,Wingham,5563,5554,5509,5496,5480,5459,5467,5474,5487,5499,5466,5480,5493,5493,5493,5491,5499,5474,5493,5471,5416
109011172,Albury - East,9898,10189,10550,10758,11201,11543,12026,12365,12678,13007,13239,13562,13978,14503,14842,15321,15738,16286,16795,17310,18015
109011173,Albury - North,9198,9343,9392,9433,9512,9548,9597,9610,9599,9606,9621,9644,9717,9796,9900,10004,10145,10250,10346,10379,10397
109011174,Albury - South,10893,10925,10909,10927,10930,10964,10962,10977,10984,10968,10933,10896,10894,10824,10727,10686,10647,10579,10521,10517,10414
109011175,Albury Region,11096,11034,10957,10957,10905,10932,10965,10990,11031,11110,11167,11280,11382,11515,11669,11784,11904,12003,12102,12234,12461
109011176,Lavington,14498,14491,14438,14454,14445,14469,14454,14431,14392,14377,14377,14369,14400,14490,14614,14725,14909,14997,15082,15208,15262
109021177,Hay,3620,3616,3582,3538,3512,3483,3394,3292,3209,3153,3085,3064,3049,3036,3023,3012,3001,3000,2974,2970,2967
109021178,Wentworth - Buronga,6179,6115,6053,6005,5990,6005,6014,6019,6008,5996,5973,5984,6004,6034,6049,6087,6110,6142,6164,6201,6244
109021179,Wentworth-Balranald Region,4321,4244,4171,4073,4010,3949,3871,3851,3813,3809,3766,3744,3731,3726,3708,3684,3674,3674,3655,3609,3572
109031180,Corowa,5589,5638,5684,5735,5824,5929,5900,5856,5830,5803,5755,5726,5699,5658,5597,5539,5513,5481,5427,5441,5397
109031181,Corowa Region,6318,6302,6314,6291,6297,6396,6402,6443,6567,6649,6716,6738,6760,6788,6817,6845,6903,6954,6985,7129,7291
109031182,Deniliquin,8266,8159,8029,7863,7723,7586,7541,7452,7446,7366,7303,7352,7411,7470,7549,7556,7530,7575,7624,7608,7666
109031183,Deniliquin Region,8216,8087,7934,7802,7676,7570,7387,7249,7167,7089,7001,6965,6930,6898,6866,6838,6795,6769,6735,6739,6756
109031184,Moama,3996,4128,4247,4331,4433,4630,4933,5097,5200,5263,5292,5460,5597,5729,5849,5960,6129,6300,6414,6652,6909
109031185,Tocumwal - Finley - Jerilderie,9647,9601,9511,9459,9483,9565,9604,9609,9617,9600,9567,9622,9688,9790,9851,9902,9979,10027,10066,10065,10079
110011186,Armidale,22969,22869,22634,22467,22374,22380,22499,22904,23166,23349,23471,23631,23756,23856,23979,24114,24369,24482,24579,24458,24194
110011187,Armidale Region - North,4282,4279,4267,4257,4265,4278,4295,4323,4366,4397,4421,4464,4503,4531,4543,4558,4579,4551,4572,4573,4563
110011188,Armidale Region - South,6038,6006,5960,5931,5932,5951,5957,6008,6129,6189,6211,6199,6185,6179,6153,6120,6116,6081,6076,6045,6015
110011189,Walcha,3454,3440,3430,3396,3412,3426,3388,3347,3331,3328,3294,3294,3296,3293,3268,3268,3257,3228,3232,3197,3189
110021190,Glen Innes,8818,8848,8870,8876,8907,8987,8919,8907,8926,8939,8911,8905,8909,8919,8926,8934,8923,8900,8869,8874,8816
110021191,Inverell,11006,11085,11087,11074,11143,11227,11348,11423,11569,11664,11768,11787,11818,11848,11870,11900,11899,11881,11868,11865,11797
110021192,Inverell Region - East,5221,5211,5158,5101,5101,5097,5197,5271,5345,5387,5428,5427,5412,5390,5365,5340,5319,5292,5275,5208,5193
110021193,Inverell Region - West,6251,6206,6161,6112,6104,6135,5988,5854,5859,5857,5762,5832,5893,5934,5998,6057,6092,6165,6198,6144,6174
110021194,Tenterfield,6842,6808,6709,6650,6630,6666,6731,6796,6882,6941,6990,6925,6834,6769,6713,6697,6660,6631,6594,6471,6502
110031195,Moree,10131,9953,9726,9468,9254,9070,8893,8827,8767,8764,8789,8742,8698,8650,8570,8509,8409,8328,8277,8176,8219
110031196,Moree Region,6614,6501,6341,6154,6002,5888,5809,5757,5772,5802,5793,5771,5749,5724,5687,5637,5618,5561,5530,5434,5313
110031197,Narrabri,7541,7491,7434,7340,7275,7259,7226,7217,7210,7204,7186,7232,7290,7313,7318,7320,7340,7348,7329,7340,7326
110031198,Narrabri Region,5721,5587,5440,5263,5127,5011,4927,4906,4942,4980,5023,5012,4998,4975,4943,4910,4890,4866,4844,4781,4686
110041199,Gunnedah,8978,8892,8779,8665,8578,8571,8632,8695,8825,8962,9080,9129,9216,9279,9322,9409,9491,9558,9617,9650,9660
110041200,Gunnedah Region,4488,4467,4433,4408,4404,4418,4453,4472,4523,4592,4668,4574,4466,4381,4323,4219,4153,4087,4024,3967,3989
110041201,Quirindi,7977,7940,7859,7797,7736,7717,7720,7717,7718,7738,7761,7785,7811,7830,7836,7846,7865,7880,7897,7847,7842
110041202,Tamworth - East,18804,18915,19049,19133,19242,19478,19680,19813,20029,20346,20568,20612,20651,20704,20742,20793,20863,20905,20951,21017,21048
110041203,Tamworth - North,13420,13422,13412,13385,13413,13495,13546,13572,13613,13797,13952,14255,14564,14879,15100,15442,15794,16129,16413,16368,16359
110041204,Tamworth - West,4788,4785,4802,4819,4839,4917,5098,5278,5389,5486,5565,5614,5649,5689,5740,5751,5761,5788,5816,5864,5923
110041205,Tamworth Region,16382,16521,16587,16625,16624,16799,16990,17183,17492,17706,17918,18025,18188,18413,18667,18823,18907,19000,19087,19034,19200
111011206,Belmont - Bennetts Green,16335,16479,16572,16580,16605,16666,16811,17032,17414,17607,17903,18002,18106,18164,18195,18223,18233,18283,18298,18238,18142
111011207,Belmont South - Blacksmiths,5639,5640,5644,5631,5622,5626,5671,5723,5769,5842,5858,5834,5833,5833,5795,5745,5731,5724,5688,5652,5616
111011208,Charlestown - Dudley,23557,23575,23575,23605,23611,23629,23712,23823,24196,24434,24598,24621,24658,24682,24690,24724,24767,24778,24810,25139,25371
111011209,Glendale - Cardiff - Hillsborough,22959,23072,23094,23044,23030,23013,23074,23257,23543,23748,23943,23947,23964,23968,23964,23987,24028,24055,24070,24112,24230
111011210,Mount Hutton - Windale,8605,8718,8738,8713,8712,8720,8744,8766,8819,8893,8984,9037,9075,9093,9092,9109,9116,9145,9171,9194,9216
111011211,Redhead,3371,3404,3419,3416,3420,3440,3441,3474,3536,3565,3596,3608,3620,3618,3614,3619,3634,3613,3592,3618,3624
111011212,Swansea - Caves Beach,11100,11077,11030,10945,10849,10793,10833,10942,11019,11036,11109,11144,11249,11421,11613,11800,11895,11986,12189,12360,12523
111011213,Valentine - Eleebana,12602,12619,12681,12727,12785,12764,12684,12621,12577,12565,12590,12530,12508,12439,12379,12340,12340,12315,12270,12268,12198
111011214,Warners Bay - Boolaroo,12704,12656,12722,12758,12782,12803,12847,12994,13097,13205,13295,13346,13442,13571,13611,13636,13661,13731,13823,14046,14366
111021215,Bolton Point - Teralba,9170,9146,9076,9053,8945,8819,8874,8947,9009,9041,9040,8964,8892,8825,8762,8722,8680,8671,8689,8853,9042
111021216,Bonnells Bay - Silverwater,7450,7646,7695,7731,7758,7781,7904,8071,8200,8208,8249,8371,8497,8623,8772,8931,9074,9230,9402,9590,9798
111021217,Edgeworth - Cameron Park,9223,9276,9454,9630,9811,9952,10341,10752,11075,11405,11767,12339,12916,13554,14006,14518,14890,15238,15559,15928,16420
111021218,Morisset - Cooranbong,12601,12944,13253,13410,13519,13548,13695,13915,14101,14248,14395,14464,14620,14865,15105,15276,15605,16050,16256,16583,17070
111021219,Toronto - Awaba,13457,13534,13553,13505,13436,13385,13427,13537,13648,13755,13848,13836,13840,13831,13801,13765,13777,13754,13795,13851,13947
111021220,Wangi Wangi - Rathmines,8899,8969,8994,9001,9035,9024,8960,8950,9041,9071,9022,9037,9057,9075,9100,9117,9121,9129,9154,9180,9209
111021221,West Wallsend - Barnsley - Killingworth,6449,6419,6387,6346,6330,6308,6296,6311,6344,6365,6358,6373,6423,6480,6547,6616,6691,6760,6826,6888,6971
111031222,Adamstown - Kotara,14374,14413,14422,14468,14578,14594,14860,15119,15336,15571,15794,15892,15953,15987,16039,16023,16029,16009,16067,16122,16105
111031223,Beresfield - Hexham,8815,8747,8688,8651,8632,8632,8629,8626,8633,8624,8646,8621,8610,8596,8568,8543,8507,8484,8488,8416,8396
111031224,Hamilton - Broadmeadow,11258,11365,11449,11485,11510,11533,11585,11796,12008,12147,12306,12300,12307,12312,12299,12295,12418,12438,12468,12499,12604
111031225,Lambton - New Lambton,16114,16074,16189,16258,16286,16310,16442,16550,16754,16966,17101,17076,17087,17058,17043,17040,17021,17021,17044,17166,17258
111031226,Maryland - Fletcher - Minmi,8681,9314,9834,10141,10420,10730,10907,11139,11253,11336,11641,12056,12487,12966,13503,13963,14485,15103,15603,16019,16391
111031227,Mayfield - Warabrook,14648,14676,14692,14790,14870,14886,14942,15045,15094,15199,15253,15271,15299,15318,15335,15357,15394,15442,15483,15506,15567
111031228,Merewether - The Junction,13169,13220,13309,13388,13391,13577,13718,13851,14059,14211,14238,14238,14239,14239,14226,14218,14248,14259,14303,14394,14430
111031229,Newcastle - Cooks Hill,8459,8628,8998,9363,9606,9625,9852,10041,10170,10232,10757,10878,10991,11101,11267,11435,11776,12066,12376,12789,13207
111031230,Newcastle Port - Kooragang,19,19,19,19,19,19,19,19,20,20,20,19,19,18,18,17,17,17,17,17,17
111031231,Shortland - Jesmond,9447,9438,9435,9464,9550,9609,9726,9952,10121,10345,10569,10803,11112,11353,11576,11895,12360,12758,13191,13640,13710
111031232,Stockton - Fullerton Cove,6145,6126,6140,6135,6137,6161,6213,6238,6253,6279,6280,6391,6597,7069,7328,7635,7960,8288,8593,8840,9189
111031233,Wallsend - Elermore Vale,18873,18823,18760,18795,18790,18795,18994,19239,19318,19618,19915,19987,20017,20058,20063,20097,20147,20193,20231,20323,20385
111031234,Waratah - North Lambton,11710,11667,11654,11674,11665,11657,11774,11977,12116,12253,12417,12422,12443,12452,12460,12477,12515,12520,12600,12552,12509
111031235,Wickham - Carrington - Tighes Hill,6361,6737,6966,7091,7246,7383,7730,7978,7978,8011,8070,8153,8224,8283,8334,8365,8396,8480,8568,8762,9099
112011236,Ballina,16711,16713,16717,16727,16626,16594,16614,16633,16693,16766,16830,16914,17062,17184,17342,17555,17752,18026,18177,18441,18601
112011237,Ballina Region,14963,15239,15451,15541,15646,15787,15864,15956,16070,16142,16205,16400,16556,16711,16906,17247,17486,17699,17893,18031,18305
112011238,Bangalow,5132,5219,5284,5322,5320,5345,5386,5479,5543,5583,5589,5661,5739,5821,5914,6006,6121,6234,6317,6456,6628
112011239,Brunswick Heads - Ocean Shores,7269,7422,7555,7702,7761,7820,7912,8001,8052,8082,8084,8181,8290,8403,8493,8602,8673,8756,8846,9003,9127
112011240,Byron Bay,9247,9254,9288,9214,9108,8958,8949,9001,9043,9120,9237,9456,9689,9852,10018,10203,10356,10504,10682,10889,10906
112011241,Evans Head,4817,4908,4933,4942,4985,5131,5177,5186,5178,5170,5147,5173,5210,5252,5281,5316,5362,5405,5450,5542,5638
112011242,Lennox Head - Skennars Head,6134,6541,6691,6793,6948,7087,7250,7333,7433,7543,7639,7708,7790,7882,7983,8088,8178,8332,8445,8648,8779
112011243,Mullumbimby,7623,7610,7690,7779,7811,7823,7800,7773,7779,7755,7627,7736,7862,8007,8193,8398,8551,8732,8897,9102,9222
112021244,Casino,11178,11205,11186,11164,11203,11452,11695,11854,11949,12082,12204,12289,12356,12412,12444,12495,12534,12543,12579,12528,12459
112021245,Casino Region,6923,6955,6941,6895,6904,6984,7017,7023,7059,7122,7093,7085,7083,7095,7079,7079,7055,7048,7027,7014,7051
112021246,Goonellabah,12199,12163,12126,12156,12295,12503,12668,12757,12896,13046,13160,13244,13301,13332,13345,13375,13379,13397,13396,13445,13535
112021247,Kyogle,7822,7782,7692,7653,7644,7637,7656,7688,7715,7759,7768,7701,7663,7603,7530,7464,7392,7309,7257,7236,7300
112021248,Lismore,16516,16423,16292,16299,16299,16287,16261,16222,16197,16162,16134,16076,16015,15897,15766,15641,15456,15296,15175,15051,14934
112021249,Lismore Region,14249,14328,14460,14530,14659,14811,14943,14992,15096,15234,15344,15356,15384,15395,15402,15415,15426,15462,15488,15542,15695
112031250,Kingscliff - Fingal Head,8525,8583,8731,8977,9282,9754,10256,10706,11046,11281,11376,11644,11933,12290,12830,13574,14058,14689,15147,15673,15944
112031251,Murwillumbah,7882,7852,7842,7891,7919,7970,8096,8178,8255,8366,8538,8667,8776,8851,8936,9088,9241,9390,9447,9481,9412
112031252,Murwillumbah Region,8963,9115,9302,9428,9516,9675,9773,9815,9867,9917,9916,9904,9902,9891,9888,9906,9906,9922,9940,10053,10189
112031253,Pottsville,9209,9440,9666,9935,10153,10348,10688,11213,11966,12319,12569,12735,12984,13186,13412,13602,13830,13999,14174,14453,14552
112031254,Tweed Heads,17013,17321,17587,17909,17959,18089,18203,18425,18700,18904,18955,19131,19326,19514,19698,19932,20140,20263,20401,20665,21227
112031550,Banora Point,13634,14130,14664,14942,15087,15143,15386,15553,15597,15656,15644,15703,15796,15865,15914,15986,16045,16058,16111,16212,16311
112031551,Terranora - North Tumblegum,2760,2827,2893,2959,2958,2961,2986,3056,3116,3182,3224,3252,3266,3280,3309,3352,3369,3375,3394,3407,3381
112031552,Tweed Heads South,5994,6443,7183,7514,7508,7591,7672,7896,7992,8097,8215,8230,8243,8262,8274,8302,8320,8322,8371,8446,8464
113011256,Griffith (NSW),17397,17472,17491,17521,17618,17763,17927,18165,18442,18604,18683,18903,19115,19309,19499,19709,19961,20225,20394,20570,20599
113011257,Griffith Region,14383,14227,13983,13792,13620,13474,13322,13253,13233,13188,13172,13174,13190,13192,13182,13185,13204,13205,13192,13159,13073
113011258,Leeton,10627,10609,10577,10535,10461,10445,10348,10277,10291,10259,10219,10255,10276,10281,10284,10307,10321,10319,10318,10235,10164
113011259,Narrandera,6966,6862,6716,6584,6491,6409,6339,6302,6329,6355,6344,6300,6259,6213,6171,6138,6118,6099,6082,6048,6033
113021260,Tumbarumba,3734,3721,3679,3645,3630,3649,3599,3558,3560,3554,3521,3514,3514,3509,3499,3491,3500,3488,3481,3488,3471
113021261,Tumut,6401,6392,6409,6284,6250,6240,6255,6266,6371,6452,6508,6498,6477,6452,6423,6399,6374,6328,6315,6267,6217
113021262,Tumut Region,4977,4934,4975,4876,4830,4822,4814,4779,4770,4781,4764,4766,4767,4768,4758,4763,4751,4733,4714,4689,4680
113031263,Cootamundra,7798,7750,7674,7638,7650,7630,7595,7591,7617,7622,7664,7672,7684,7682,7677,7677,7675,7679,7671,7560,7537
113031264,Gundagai,3668,3680,3671,3665,3673,3685,3670,3668,3678,3691,3674,3664,3652,3646,3648,3637,3625,3629,3622,3728,3695
113031265,Junee,5822,5834,5810,5804,5829,5904,5901,5933,6034,6050,6069,6100,6175,6240,6289,6363,6440,6543,6597,6594,6646
113031266,Temora,6927,6846,6735,6638,6596,6574,6542,6519,6513,6519,6528,6592,6657,6712,6780,6828,6874,6909,6955,6926,6913
113031267,Wagga Wagga - East,15302,15444,15499,15539,15622,15770,15939,16088,16256,16400,16503,16599,16708,16801,16892,17004,17070,17094,17091,17109,17021
113031268,Wagga Wagga - North,3037,3063,3067,3073,3095,3141,3259,3347,3458,3524,3601,3701,3823,4034,4262,4542,4709,4933,5168,5337,5616
113031269,Wagga Wagga - South,18257,18540,18781,19097,19564,20061,20561,21050,21327,21590,21685,21688,21705,21705,21704,21709,21724,21729,21744,21842,21896
113031270,Wagga Wagga - West,12479,12445,12433,12414,12401,12384,12395,12406,12404,12377,12348,12374,12415,12437,12501,12545,12592,12621,12663,12595,12471
113031271,Wagga Wagga Region,14339,14246,14075,13958,13883,13924,14148,14278,14360,14417,14437,14515,14592,14669,14854,15069,15218,15380,15566,15780,16273
114011272,Berry - Kangaroo Valley,8112,8087,8037,8016,7976,7991,8027,8135,8367,8487,8570,8654,8740,8807,8888,8965,9055,9115,9229,9354,9546
114011273,Callala Bay - Currarong,3250,3358,3386,3374,3368,3363,3412,3471,3580,3634,3648,3658,3672,3685,3700,3715,3725,3728,3744,3736,3722
114011274,Culburra Beach,5476,5391,5317,5257,5171,5101,5079,5026,4987,4984,4957,4974,4996,5022,5044,5069,5089,5115,5122,5175,5098
114011275,Ettrema - Sassafras - Budawang,32,32,32,32,32,31,33,35,36,37,37,40,41,45,48,52,52,52,52,52,52
114011276,Huskisson - Vincentia,3653,3693,3705,3699,3703,3719,3768,3789,3850,3919,3970,4027,4096,4163,4217,4272,4341,4527,4633,4778,4930
114011277,North Nowra - Bomaderry,15972,15968,15953,15859,15814,15726,15668,15613,15680,15776,15831,15895,15954,16016,16080,16173,16217,16195,16215,16192,16194
114011278,Nowra,14125,14500,14917,15329,15892,16176,16734,17202,17780,18293,18773,19014,19234,19660,20120,20617,20938,21180,21617,22124,22753
114011279,St Georges Basin - Erowal Bay,11287,11524,11660,11782,11984,12101,12256,12373,12545,12712,12997,13276,13533,13777,14007,14273,14484,14707,14919,15094,15283
114011280,Sussex Inlet - Berrara,4145,4212,4243,4247,4253,4287,4281,4227,4249,4271,4257,4296,4323,4348,4371,4397,4429,4472,4506,4533,4603
114011281,Tomerong - Wandandian - Woollamia,2745,2778,2900,2969,3034,3063,3135,3198,3258,3311,3403,3418,3435,3455,3483,3503,3510,3518,3536,3546,3599
114011282,Ulladulla,13792,14037,14142,14208,14344,14354,14418,14499,14548,14717,14758,14918,15041,15189,15383,15618,15854,16198,16493,16866,17199
114011283,Ulladulla Region,4238,4441,4539,4547,4573,4569,4653,4689,4742,4793,4805,4815,4860,4956,5043,5128,5224,5327,5445,5589,5750
114021284,Bowral,10983,11419,11631,11797,11917,12053,12184,12280,12437,12571,12697,12794,12915,13001,13101,13218,13324,13451,13556,13617,13636
114021285,Hill Top - Colo Vale,5404,5447,5505,5512,5516,5547,5623,5687,5782,5854,5882,5888,5928,5983,6071,6195,6282,6367,6432,6521,6634
114021286,Mittagong,8121,8096,8087,8082,8101,8107,8198,8251,8325,8400,8423,8497,8602,8738,8930,9232,9363,9538,9761,10035,10263
114021287,Moss Vale - Berrima,8991,9001,8919,8835,8722,8722,8838,8921,9032,9171,9264,9372,9511,9644,9825,10008,10260,10496,10655,10793,10921
114021288,Robertson - Fitzroy Falls,3277,3312,3341,3348,3335,3323,3380,3415,3428,3457,3496,3506,3527,3544,3574,3606,3628,3683,3715,3744,3704
114021289,Southern Highlands,5551,5633,5712,5763,5778,5732,5822,5962,6140,6269,6356,6409,6476,6552,6640,6728,6809,6873,6952,6990,7078
115011290,Baulkham Hills (East),19901,19947,20178,20508,20620,20659,20666,20972,21506,21965,22188,22370,22628,22941,23270,23711,24454,24615,24850,25075,25018
115011291,Baulkham Hills (West) - Bella Vista,16826,16906,17315,17777,17960,18136,18195,18578,19065,19308,19488,19688,19901,20176,20555,20853,21417,21653,21929,22063,21974
115011294,Glenhaven,5807,5660,5569,5527,5578,5643,5759,5954,5994,6009,6063,6160,6256,6325,6403,6501,6546,6541,6516,6494,6427
115011296,West Pennant Hills,13217,13130,13027,13052,13055,13024,13052,13089,13108,13108,13120,13121,13150,13168,13175,13184,13221,13210,13181,13179,13102
115011553,Castle Hill - Central,5987,6066,6188,6378,6515,6614,6909,7147,7460,7538,7556,7603,7663,7724,7774,7832,7936,7943,8002,7946,7785
115011554,Castle Hill - East,5576,5593,5614,5648,5666,5707,5747,5779,5801,5815,5824,5816,5806,5781,5770,5754,5665,5585,5682,5643,5560
115011555,Castle Hill - North,11141,11225,11295,11287,11298,11283,11341,11555,11742,11889,11958,12006,12103,12173,12242,12312,12424,12498,12545,12535,12354
115011556,Castle Hill - South,8081,7978,7943,7971,8064,8108,8168,8472,8901,9118,9233,9360,9508,9655,9793,9943,10049,10136,10431,10559,10575
115011557,Castle Hill - West,2315,2954,3594,3942,4227,4427,4831,4966,5132,5267,5313,5333,5358,5384,5410,5443,5448,5498,5528,5546,5504
115011558,Cherrybrook,19059,19158,19181,19215,19269,19317,19412,19522,19654,19690,19707,19650,19603,19588,19518,19460,19532,19430,19418,19305,18869
115011559,Kellyville,10364,12411,14042,15092,16248,17229,17843,18503,18784,18847,19187,19866,20619,21650,22821,24065,25377,26251,26952,27787,28638
115021297,Dural - Kenthurst - Wisemans Ferry,19993,19896,19913,19933,19997,20097,20115,20367,20645,20831,21062,21155,21279,21400,21522,21649,22023,22230,22372,22504,22545
115021298,Galston - Laughtondale,5182,5139,5127,5095,5055,5033,5109,5184,5248,5284,5303,5307,5317,5338,5353,5367,5377,5356,5366,5320,5239
115031299,Bilpin - Colo - St Albans,2518,2568,2588,2562,2548,2543,2538,2569,2623,2675,2716,2730,2746,2761,2777,2795,2803,2788,2805,2814,2816
115031300,Kurrajong Heights - Ebenezer,21001,21155,21265,21048,21036,21216,21378,21614,21928,22046,22113,22127,22178,22238,22341,22476,22512,22625,22696,22752,22771
115041301,Pitt Town - McGraths Hill,9034,9040,8996,8923,8865,8859,8877,8946,9037,9148,9294,9594,9901,10190,10504,10822,11089,11283,11470,11749,12029
115041302,Rouse Hill - Beaumont Hills,9497,11965,13453,14389,15368,16425,16926,17494,18043,18335,18741,19363,20020,20806,21958,23442,25156,27803,31675,36073,40333
116011303,Blacktown (East) - Kings Park,13035,13097,13167,13395,13622,13736,14238,14909,15362,16036,16284,16447,16716,16963,17225,17519,17831,17861,18054,18080,17713
116011304,Blacktown (North) - Marayong,16729,16630,16499,16408,16368,16372,16367,16532,16910,17204,17455,17636,17867,18089,18335,18627,19144,19388,19806,19787,19624
116011306,Doonside - Woodcroft,18689,18626,18406,18302,18287,18426,18856,19249,19833,20204,20410,20602,21020,21745,22556,23273,24130,24675,25037,24888,24542
116011307,Lalor Park - Kings Langley,25036,24681,24288,24184,24082,23989,23855,24040,24232,24627,24881,24983,25157,25320,25466,25646,25896,25951,26063,25954,25643
116011308,Seven Hills - Toongabbie,22318,22110,21858,21796,21811,22016,22322,22597,22817,22999,23507,23690,23902,24150,24457,24783,25417,25714,26089,26027,25871
116011560,Blacktown (South),11190,11209,11169,11186,11262,11351,11520,11768,11909,12000,12078,12098,12256,12468,12601,12752,12964,12992,12997,12970,12808
116011561,Blacktown (West),13916,14034,14038,14018,14085,14227,14386,14762,15143,15400,15645,15808,16017,16184,16387,16648,16777,16849,16987,16900,16716
116021309,Glenwood,9530,11110,12097,12946,13635,14276,14743,15166,15545,15829,15926,16098,16226,16397,16543,16668,16780,16892,16955,16887,16686
116021310,Parklea - Kellyville Ridge,4333,6131,7879,8909,9998,11498,14021,15923,18069,20828,23029,25515,28788,31413,33099,33807,34618,35430,35951,36056,36077
116021312,Riverstone - Marsden Park,11791,11653,11448,11390,11299,11276,11212,11273,11408,11578,11665,11993,12383,12839,14393,17811,21622,26589,31857,40703,48063
116021562,Acacia Gardens,1952,2347,2530,2768,3040,3284,3518,3668,3787,3824,3801,3854,3870,3901,3943,3962,3964,3961,3941,3936,3883
116021563,Quakers Hill,19430,19905,20273,20726,21048,21395,21689,22140,22456,22770,22939,23041,23160,23309,23480,23687,24085,24252,24383,24555,24502
116031313,Bidwill - Hebersham - Emerton,19819,19448,19059,18962,18811,18726,18747,18807,18896,19150,19257,19173,19116,19049,18994,18948,18958,18940,18872,18778,18683
116031314,Glendenning - Dean Park,8178,8144,8105,8136,8110,8122,8101,8150,8251,8351,8424,8459,8500,8541,8584,8645,8716,8724,8770,8713,8612
116031315,Hassall Grove - Plumpton,18107,18156,18375,18741,19013,19252,19542,19817,20014,20160,20258,20438,20634,20884,21083,21315,21535,21906,22118,22181,22054
116031316,Lethbridge Park - Tregear,15687,15455,15182,15138,15058,15043,15049,15427,15735,16085,16552,17110,17903,18867,20207,21283,22001,22440,22723,22662,22483
116031317,Mount Druitt - Whalan,17811,18031,18353,18801,19151,19517,20253,20960,21521,22080,22492,22727,22921,23077,23240,23501,23786,23875,23924,23744,23384
116031318,Prospect Reservoir,18,18,18,18,18,18,18,19,19,20,20,25,30,34,39,44,44,44,44,44,44
116031319,Rooty Hill - Minchinbury,17582,17671,17683,17948,18276,18627,18930,19389,19775,20055,20252,20591,20958,21287,21546,21876,22152,22394,22633,22730,22585
117011320,Banksmeadow,14,14,14,14,14,14,14,14,14,14,14,15,17,18,20,21,21,21,21,226,383
117011321,Botany,7857,8156,8227,8234,8236,8256,8446,8738,9019,9161,9290,9521,9776,10165,10625,11281,11707,12424,13036,13362,13594
117011322,Mascot - Eastlakes,18234,18206,18246,18160,18327,18569,18953,19570,20136,20640,21003,21368,21871,22703,23848,25605,27003,27976,28798,29676,30163
117011323,Pagewood - Hillsdale - Daceyville,10861,10782,10741,10673,10638,10614,10628,10696,10857,11094,11182,11295,11465,11582,11688,11857,12043,12191,12700,13204,13727
117011324,Port Botany Industrial,0,0,0,0,0,0,0,0,0,0,0,3,3,4,6,7,7,7,7,7,7
117011325,Sydney Airport,0,0,0,0,0,0,0,0,0,0,15,25,36,46,57,67,67,67,67,67,67
117021326,Marrickville,25823,25505,25004,24675,24553,24567,24706,25191,25562,25899,26082,26379,26752,27188,27551,27923,28266,28577,28934,29099,28959
117021327,Petersham - Stanmore,18443,18427,18346,18399,18471,18642,19033,19441,19659,19853,19943,20185,20435,20698,21005,21342,21705,22074,22320,22346,22089
117021328,Sydenham - Tempe - St Peters,6731,6824,6791,6761,6795,6892,7044,7232,7437,7633,7677,7732,7855,7979,8113,8279,8421,8494,8617,8720,8764
117031329,Darlinghurst,8504,8846,9093,9524,9827,10109,10226,10350,10509,10783,10914,11251,11640,11867,12040,12242,12514,12721,12964,13093,12853
117031330,Erskineville - Alexandria,9219,10373,11116,11654,12248,12744,13478,14055,14454,14680,14890,15204,15750,16300,16835,17270,17816,18498,19001,19322,19270
117031331,Glebe - Forest Lodge,13720,14187,14386,14967,15650,16134,16441,17109,17440,17878,17734,18118,18551,19023,19814,20830,21713,22442,23086,23366,23110
117031332,Newtown - Camperdown - Darlington,19705,19651,19977,20423,20894,21392,21933,22321,22425,22703,22909,23418,24026,24627,25487,26354,27655,28343,28389,28433,27463
117031333,Potts Point - Woolloomooloo,16548,16837,17289,18048,18389,18774,18957,19033,19348,19409,19612,20247,20763,21420,22055,22773,23697,24223,24410,24384,23897
117031334,Pyrmont - Ultimo,11390,12035,14006,15307,16166,17516,18177,19304,19931,20459,20239,20823,21416,21996,22498,23112,24151,24638,24752,24651,23264
117031335,Redfern - Chippendale,14668,14709,15018,15495,15938,16601,16798,16857,17036,17266,17899,18872,19906,21277,22756,23786,25231,26200,26906,27355,26343
117031336,Surry Hills,13909,14249,14764,15392,15765,16018,16320,16346,16509,16694,16795,16961,17103,17295,17514,17746,18063,18278,18394,18457,17894
117031337,Sydney - Haymarket - The Rocks,14393,17080,19456,20391,21326,22191,22929,23311,24092,24359,25021,25763,26710,27792,28752,29636,31001,31675,32881,33226,31499
117031338,Waterloo - Beaconsfield,11117,12746,14308,15748,16989,17491,18639,19342,20480,21724,22565,24217,25911,28526,32178,35154,37965,40220,42539,43753,43675
118011339,Bondi - Tamarama - Bronte,17670,17570,17470,17466,17508,17737,18160,18733,19095,19348,19552,19566,19587,19601,19622,19659,19974,20128,19993,19985,19464
118011340,Bondi Beach - North Bondi,19631,19708,19701,19715,19866,20150,20337,20567,20755,20942,21066,21362,21735,22072,22391,22771,23292,23644,23894,23844,23338
118011341,Bondi Junction - Waverly,15239,15245,15314,15452,15619,15860,16089,16348,16512,16693,16966,17195,17478,17724,17894,18061,18514,18598,18623,18716,18417
118011342,Centennial Park,0,0,0,0,0,0,0,0,0,0,0,3,3,3,3,3,3,3,3,3,3
118011343,Double Bay - Bellevue Hill,23687,23729,23916,23857,23846,24007,24267,24552,25090,25473,25938,26115,26244,26387,26465,26545,26859,26973,27145,27204,26772
118011344,Dover Heights,10313,10309,10293,10355,10442,10547,10693,10810,11032,11099,11114,11171,11252,11345,11429,11522,11606,11670,11712,11718,11524
118011345,Paddington - Moore Park,14368,14352,14338,14382,14337,14476,14744,14874,15021,15191,15461,15672,15840,16004,16163,16280,16579,16705,16919,16973,16636
118011346,Rose Bay - Vaucluse - Watsons Bay,11933,11999,12058,12062,12041,12168,12239,12297,12443,12496,12580,12564,12567,12565,12566,12570,12642,12656,12632,12622,12496
118011347,Woollahra,7533,7516,7474,7432,7409,7401,7406,7432,7500,7579,7675,7714,7795,7903,7987,8057,8167,8284,8376,8395,8200
118021348,Coogee - Clovelly,23908,23948,23957,23938,23915,24020,24462,24793,25053,25188,25533,25924,26281,26632,26951,27296,27779,28144,28434,28585,28323
118021350,Malabar - La Perouse - Chifley,20415,20327,20338,20337,20367,20359,20531,20831,21561,21900,22459,22897,23263,23909,24473,25045,25767,26314,26816,26974,26942
118021564,Kensington (NSW),11181,11188,11114,10962,10988,11302,12007,12436,12864,13293,13581,13949,14596,15013,15335,15711,16356,16938,17251,17490,16645
118021565,Kingsford,13642,13731,13700,13542,13501,13613,13789,14070,14345,14757,14985,15115,15668,16021,16262,16427,16942,17166,17067,17226,16127
118021566,Maroubra - North,9152,9027,8954,8933,8977,8962,9211,9452,9654,9777,9883,10039,10155,10252,10380,10458,10550,10595,10707,10795,10741
118021567,Maroubra - South,10624,10688,10668,10639,10664,10747,10877,11088,11219,11376,11487,11448,11429,11411,11382,11350,11389,11365,11363,11425,11290
118021568,Maroubra - West,8239,8221,8263,8509,8894,9030,9207,9604,9949,10186,10233,10365,10471,10519,10653,10817,11014,11149,11302,11369,11193
118021569,Randwick - North,15829,15760,15726,15717,15780,15829,16428,16826,17101,17213,17268,17383,17530,17652,17757,17849,18038,18022,18046,17989,17606
118021570,Randwick - South,11466,11500,11532,11511,11510,11484,11717,12036,12229,12316,12363,12710,13060,13398,13706,13959,14304,14442,14525,14733,14621
119011354,Bass Hill - Georges Hall,19863,19745,19646,19510,19551,19784,20032,20283,20548,20822,21047,21341,21750,22151,22477,22758,23172,23534,23778,23814,23762
119011355,Chullora,0,0,0,0,0,0,0,0,0,0,5,5,5,160,538,942,1254,1451,1629,1804,1837
119011356,Condell Park,9615,9640,9677,9644,9811,10040,10266,10371,10468,10599,10705,10863,11076,11289,11515,11841,12197,12537,12738,12824,12885
119011357,Greenacre - Mount Lewis,23280,23302,23375,23392,23488,23890,24213,24507,24915,25316,25662,25926,26262,26587,26916,27293,27640,27954,28249,28422,28296
119011358,Padstow,15265,15217,15211,15157,15153,15173,15444,15754,16017,16130,16281,16388,16566,16740,16926,17105,17333,17487,17664,17725,17698
119011359,Panania - Milperra - Picnic Point,24007,23799,23642,23508,23599,23641,23848,24184,24541,24749,25074,25355,25683,26000,26360,26658,27099,27495,27930,28283,28405
119011360,Revesby,13712,13796,13795,13834,13959,14135,14497,14762,15058,15302,15516,15815,16100,16399,16628,16832,17120,17355,17642,17830,17876
119011361,Yagoona - Birrong,17770,17836,17896,17765,17834,18119,18420,18740,19034,19324,19787,20089,20454,20849,21259,21611,21974,22366,22670,23006,22984
119011571,Bankstown - North,12417,13030,13423,13605,13803,14131,14733,15328,15790,16031,16249,16380,16567,16712,16859,17068,17365,17550,17669,17732,17446
119011572,Bankstown - South,12608,12608,12819,13139,13393,13721,14483,15088,15496,15815,16279,16314,16412,16503,16594,16658,16883,16911,16862,17105,17147
119021362,Belmore - Belfield,18757,18594,18346,18176,18164,18280,18616,19030,19212,19419,19649,19693,19746,19819,19856,19907,20076,20224,20260,20305,20047
119021363,Canterbury (South) - Campsie,26159,26062,25976,25850,25916,26137,26703,27363,27767,28119,28254,28922,29601,30314,31057,31951,32923,33560,33964,34205,33815
119021364,Kingsgrove (North) - Earlwood,23537,23275,22954,22729,22743,22829,23033,23307,23537,23772,23961,24186,24448,24684,24863,25050,25277,25453,25615,25848,25807
119021366,Punchbowl,18618,18545,18411,18456,18587,18818,19068,19477,19747,19904,20139,20421,20821,21240,21555,21825,22110,22237,22531,22540,22316
119021367,Roselands,12438,12354,12251,12226,12353,12514,12729,13028,13248,13476,13601,13792,13998,14179,14340,14486,14595,14673,14953,15066,15055
119021573,Lakemba,15171,15105,14937,14819,14821,14907,15176,15707,16229,16450,16511,16882,17228,17482,17742,17883,18174,18225,18268,18110,17661
119021574,Wiley Park,8926,8898,8914,8903,9034,9168,9434,9803,10087,10256,10313,10402,10505,10594,10673,10681,10896,11039,11117,11029,10738
119031368,Hurstville,16990,17463,17920,18151,18514,18873,19306,19941,20526,20970,21329,21968,22613,23231,23973,24773,25738,26283,26670,26961,26743
119031369,Mortdale - Penshurst,21511,21500,21538,21583,21633,21697,22056,22474,22792,23044,23292,23575,23956,24248,24525,24761,25204,25396,25520,25400,25106
119031370,Narwee - Beverly Hills,11882,11915,11866,11863,11948,12016,12254,12474,12701,13047,13374,13650,13877,14044,14178,14297,14566,14702,14790,14803,14625
119031371,Oatley - Hurstville Grove,11944,11755,11703,11815,11857,11852,11936,12137,12358,12522,12594,12705,12800,12894,12970,13026,13236,13290,13299,13225,13066
119031372,Peakhurst - Lugarno,17256,17198,17225,17242,17302,17345,17488,17608,17833,18117,18218,18253,18356,18441,18489,18586,19125,19387,19375,19548,19597
119031373,Riverwood,9355,9335,9250,9220,9290,9359,9402,9490,9604,9726,9907,10142,10417,10774,11219,11668,11972,12391,12620,12765,12735
119031374,South Hurstville - Blakehurst,21160,21402,21442,21763,22000,22218,22605,23013,23477,23702,23870,24188,24484,24765,24963,25136,25380,25685,26051,26277,26173
119041375,Arncliffe - Bardwell Valley,12821,12942,13731,13844,13989,14370,14612,14823,15015,15139,15654,16859,18116,19443,21064,22843,24882,26166,27716,28510,28915
119041376,Bexley,24225,24223,24259,24406,24656,24790,25236,25842,26559,26762,26629,26938,27217,27422,27656,27916,28293,28434,28506,28395,27920
119041377,Kingsgrove (South) - Bardwell Park,12120,12057,12015,12009,12077,12085,12216,12455,12608,12740,12722,12820,12958,13145,13217,13299,13483,13559,13673,13751,13653
119041378,Kogarah,7883,8183,8394,8758,9090,9309,9495,9684,9896,10012,10177,10524,10891,11227,11556,11860,12223,12502,12690,13001,13157
119041379,Kogarah Bay - Carlton - Allawah,14275,14286,14302,14334,14427,14577,14799,15099,15309,15566,15637,15909,16229,16480,16641,16807,17046,17135,17229,17248,16991
119041380,Monterey - Brighton-le-Sands - Kyeemagh,13317,13212,13115,13083,13075,12985,13106,13527,13753,13941,13909,14079,14309,14519,14708,14883,15110,15240,15397,15448,15259
119041381,Rockdale - Banksia,15904,16110,16516,16876,17080,17474,18321,19081,19562,19738,19617,19953,20256,20550,20788,21121,21728,22118,22310,22507,22304
119041382,Sans Souci - Ramsgate,14651,14575,14529,14569,14663,14642,14770,15207,15527,15730,15730,16007,16184,16384,16643,16778,17037,17174,17327,17398,17387
120011383,Concord - Mortlake - Cabarita,15472,15938,16579,17263,17545,18032,18495,18975,19814,20347,20585,20969,21554,22040,22405,22760,23160,23685,24026,24238,24220
120011384,Concord West - North Strathfield,11275,11319,11299,11733,12504,13063,13770,14893,16240,17426,19025,20515,22163,24094,25092,26209,26998,27141,27248,27282,26907
120011385,Drummoyne - Rodd Point,17021,17065,16983,16831,16797,16904,17186,17484,17945,18132,18517,18693,18881,19041,19166,19313,19456,19488,19698,19874,19779
120011386,Five Dock - Abbotsford,17462,17673,18117,18394,18848,19047,19343,19494,19778,20059,20234,20540,20827,21033,21241,21456,21679,21860,22221,22371,22323
120021387,Balmain,14708,14688,14766,14800,14794,14888,15060,15252,15446,15604,15743,15886,16073,16257,16408,16629,16882,17182,17324,17392,17176
120021388,Leichhardt - Annandale,23640,23544,23616,23591,23527,23588,24024,24647,25190,25595,25992,26300,26664,27000,27288,27588,28096,28349,28859,29051,28869
120021389,Lilyfield - Rozelle,11798,12031,12279,12468,12593,12767,13011,13234,13479,13770,13907,14031,14200,14349,14528,14670,14930,15161,15295,15315,15065
120031390,Ashfield,21498,21743,21937,22032,22246,22584,23014,23133,23493,23694,24079,24344,24724,24949,25204,25596,26157,26363,26701,26858,26554
120031391,Burwood - Croydon,19243,19509,19761,20083,20318,20752,21176,21458,21729,21808,22226,22979,23867,24764,25260,25806,26570,27049,27829,28280,28308
120031392,Canterbury (North) - Ashbury,9919,9801,9652,9545,9488,9520,9540,9620,9793,9890,9910,10118,10275,10465,10667,10970,11429,11652,11845,11942,11933
120031393,Croydon Park - Enfield,16460,16381,16362,16418,16476,16529,16811,17033,17115,17116,17150,17365,17617,17778,17875,18000,18087,18239,18291,18206,18019
120031394,Dulwich Hill - Lewisham,16161,15879,15702,15614,15585,15559,15753,16049,16301,16554,16788,16884,17005,17171,17374,17600,17896,18433,18821,18934,18801
120031395,Haberfield - Summer Hill,13664,13489,13434,13405,13355,13378,13634,13727,13818,13867,13966,13968,14001,14048,14047,14041,14164,14306,14505,14549,14477
120031396,Homebush,7372,7630,8401,9034,9373,10242,11339,12119,12827,13097,13251,13685,14335,15477,16198,17066,17887,18590,19605,20223,20509
120031575,Strathfield,20921,21287,21467,21907,22579,22708,22953,23293,23903,24156,24101,24570,25021,25418,25836,26294,27008,27484,28049,28184,27609
120031576,Strathfield South,3113,3108,3121,3146,3194,3207,3237,3314,3373,3400,3404,3464,3529,3591,3667,3743,3832,3906,3943,3916,3858
121011398,Chatswood (East) - Artarmon,20523,21509,22296,22868,23559,24153,24719,24889,25206,25395,25656,26296,27020,27750,28845,30009,30967,31233,31731,31716,30655
121011399,Chatswood (West) - Lane Cove North,17451,17517,17431,17555,17641,17724,17987,18300,18605,18915,19218,19460,19662,20155,20981,21842,22648,22909,23211,23273,22854
121011400,Lane Cove - Greenwich,24603,24493,24491,24425,24368,24327,24452,24501,24786,25117,25419,25699,25962,26505,27176,27938,28668,29037,29519,29789,29699
121011401,St Leonards - Naremburn,7001,7566,8095,8422,8630,8849,9128,9308,9396,9607,9807,9994,10184,10426,10780,11128,11507,11784,11963,12260,12286
121011402,Willoughby - Castle Cove - Northbridge,23885,23993,23797,23884,24043,24102,24393,24520,25001,25347,25685,25888,26116,26306,26483,26672,26847,27011,27168,27218,26943
121021403,Asquith - Mount Colah,18135,17985,17891,17859,17782,17776,17784,18002,18237,18410,18461,18492,18515,18623,18730,18856,19086,19630,20033,20542,20798
121021404,Berowra - Brooklyn - Cowan,11707,11575,11548,11518,11429,11367,11348,11468,11650,11781,11828,11869,11929,11977,11990,12011,12059,12081,12083,12077,11953
121021406,Normanhurst - Thornleigh - Westleigh,17568,17801,18196,18306,18327,18351,18313,18355,18447,18572,18750,18812,18897,18974,19059,19119,19168,19174,19227,19258,19144
121021577,Hornsby - East,8886,9253,9409,9571,9853,9993,10468,10839,10955,11140,11243,11409,11603,11765,11985,12271,12577,12824,12993,13001,12613
121021578,Hornsby - West,9619,9654,9704,9725,9822,9814,10016,10200,10288,10381,10492,10607,10732,10853,10955,11082,11233,11316,11418,11346,11165
121021579,Waitara - Wahroonga (West),5847,7036,7458,7636,7782,7949,8311,8656,8881,9005,9060,9091,9185,9330,9520,9899,10340,10673,10827,10845,10609
121031407,Gordon - Killara,18403,18330,18228,18048,17836,17691,17629,17900,18337,18984,19662,20319,20979,21515,21899,22147,22650,23099,23247,23351,23063
121031408,Lindfield - Roseville,20938,20951,20957,20893,20801,20752,20893,21297,21590,21887,22165,22512,22872,23218,23674,24076,24603,25210,25577,25689,25456
121031409,Pymble,15601,15530,15454,15355,15195,15117,15272,15645,16062,16307,16460,16566,16688,16795,16902,17013,17212,17313,17663,17730,17555
121031410,St Ives,18171,18267,18225,18090,17940,17816,18053,18584,19068,19453,19715,19917,20216,20507,20875,21193,21655,21849,21973,22041,21842
121031411,Turramurra,17826,17770,17756,17743,17628,17600,17783,18030,18273,18483,18777,19091,19416,19712,19808,19938,20068,20275,20419,20616,20576
121031412,Wahroonga (East) - Warrawee,16331,16242,16219,16013,15775,15773,16195,16769,17388,17827,18123,18222,18309,18396,18463,18436,18608,18549,18521,18498,18335
121041413,Cremorne - Cammeray,17184,17231,17384,17470,17647,17815,17938,18123,18676,19021,19283,19449,19628,19797,19961,20129,20423,20616,20766,20793,20479
121041414,Crows Nest - Waverton,16226,16145,16180,16404,16491,16494,16790,17078,17405,17621,17754,17999,18237,18565,18882,19086,19364,19527,19734,19668,19265
121041415,Mosman,27680,27644,27680,27737,27538,27570,27900,28422,28761,29131,29351,29481,29641,29846,30045,30260,30588,30852,30960,30783,30122
121041416,Neutral Bay - Kirribilli,16671,16682,16644,16685,16852,16977,17171,17355,17585,17795,17996,18159,18406,18649,18870,19112,19330,19437,19471,19310,18793
121041417,North Sydney - Lavender Bay,8043,8192,8372,8546,8706,9050,9250,9534,9814,9984,10249,10475,10711,10944,11160,11369,11764,12172,12550,12795,12700
122011418,Balgowlah - Clontarf - Seaforth,18445,18434,18394,18403,18396,18637,19037,19091,19557,19958,20309,20514,20674,20821,20966,21140,21337,21504,21588,21613,21454
122011419,Manly - Fairlight,19983,20098,20181,20243,20231,20389,20738,20761,21381,21941,22509,22675,22992,23174,23403,23655,24119,24178,24417,24524,24057
122021420,Avalon - Palm Beach,13047,13088,12998,12821,12746,12767,12699,12724,12776,12873,13002,12995,13004,13010,12990,12978,13009,13033,13059,13063,13004
122021421,Bayview - Elanora Heights,10768,10620,10531,10459,10355,10385,10395,10441,10565,10735,10841,10901,10973,11040,11096,11157,11234,11309,11365,11365,11327
122021422,Newport - Bilgola,12881,12846,12752,12669,12603,12643,12711,12781,13307,13519,13698,13735,13792,13843,13881,13916,13936,13948,13960,13916,13767
122021423,Warriewood - Mona Vale,19349,19523,19556,19661,20239,20457,20875,21191,22024,22450,22914,23264,23733,24105,24690,25253,25651,25895,26168,26367,26340
122031424,Beacon Hill - Narraweena,12970,12959,12936,12950,13023,13071,13146,13275,13425,13561,13653,13788,13942,14108,14282,14472,14680,14820,14996,15056,14981
122031425,Cromer,7340,7338,7289,7257,7247,7262,7349,7416,7451,7486,7525,7568,7622,7675,7732,7791,7889,7969,8019,8059,8075
122031426,Dee Why - North Curl Curl,19782,20181,20390,20552,20896,21155,22107,22852,23317,23782,24127,24511,24934,25474,25859,26260,26777,27165,27726,27923,27788
122031427,Forestville - Killarney Heights,12098,12014,12000,12023,12084,12148,12363,12449,12600,12739,12868,12942,13031,13107,13179,13253,13342,13432,13524,13418,13194
122031428,Frenchs Forest - Belrose,24173,24058,24064,24174,24355,24583,24638,24805,25093,25308,25406,25539,25699,25846,25989,26107,26280,26356,26438,26451,26337
122031429,Freshwater - Brookvale,18072,18155,18225,18196,18331,18533,18989,19434,19819,20159,20530,20812,21139,21431,21832,22169,22600,23047,23436,23452,23235
122031430,Manly Vale - Allambie Heights,15266,15196,15117,15114,15149,15293,15588,15884,16137,16462,16677,16849,17038,17241,17460,17688,17944,18132,18266,18373,18342
122031431,Narrabeen - Collaroy,21853,21889,22029,22174,22345,22530,22723,23019,23352,23583,23938,24306,24711,25097,25467,25843,26264,26425,26558,26575,26453
122031432,Terrey Hills - Duffys Forest,3789,3771,3746,3742,3741,3747,3726,3719,3696,3694,3699,3716,3736,3751,3767,3786,3808,3814,3889,3868,3830
123011433,Camden - Ellis Lane,10550,10589,10655,10710,10841,10899,11209,11566,11858,12221,12531,12758,13004,13179,13209,13273,13407,13428,13433,13360,13284
123011434,Elderslie - Harrington Park,9946,10597,11256,11748,12590,13082,13998,14611,15311,15906,16619,17228,17905,18739,20071,21538,22780,24045,24996,25534,26046
123011435,Mount Annan - Currans Hill,19027,20224,20792,20932,21190,21416,21956,22733,23541,24112,24634,25273,26019,27337,28516,29329,30500,31850,33281,34542,35656
123021436,Bradbury - Wedderburn,19619,19633,19568,19507,19511,19568,19649,19776,19841,19827,19795,19697,19505,19427,19450,19523,19679,19856,20030,20135,20106
123021437,Campbelltown - Woodbine,12558,12869,13192,13532,13841,14092,14575,15043,15448,15720,16241,16606,17121,17620,18113,18741,19499,20297,20884,21688,22321
123021438,Claymore - Eagle Vale - Raby,22755,22573,22442,22146,21904,21538,21619,21712,21801,21829,21780,21552,21290,21108,20998,20924,20929,20991,21044,20926,20651
123021439,Holsworthy Military Area,0,0,0,0,0,0,0,0,0,0,0,0,0,0,0,0,0,0,0,0,0
123021440,Ingleburn - Denham Court,16315,16341,16353,16342,16320,16287,16481,16644,17054,17167,17262,17695,18320,18979,19759,20715,21834,23049,24584,26842,29101
123021441,Leumeah - Minto Heights,16598,16436,16199,15876,15759,15743,15773,15847,16111,16271,16518,16560,16631,16696,16748,16962,17083,17091,17092,17233,17156
123021442,Macquarie Fields - Glenfield,21596,21394,21225,20921,20776,20589,20574,20830,21382,21558,21691,22089,22853,23322,23761,24274,24602,24884,25077,25068,24807
123021443,Minto - St Andrews,19748,19842,19713,19532,19420,19088,18961,18826,18649,18409,18197,18487,18818,19328,19888,20502,21183,21823,22256,22235,22067
123021444,Rosemeadow - Glen Alpine,21390,21294,21153,20954,20847,20833,20907,20974,20995,20971,20937,21012,21089,21144,21255,21362,21364,21426,21434,21471,21272
123031445,Bargo,4975,5076,5159,5217,5244,5271,5303,5357,5445,5517,5564,5573,5639,5690,5776,5834,5884,5959,6021,6035,6024
123031446,Douglas Park - Appin,6188,6235,6335,6431,6506,6621,6734,6857,7002,7162,7331,7728,8174,8671,9236,9927,10420,10897,11191,11404,11556
123031447,Picton - Tahmoor - Buxton,14113,14227,14457,14587,14729,14867,14988,15236,15439,15565,15818,16045,16181,16504,16812,17216,17519,17814,18126,18557,19007
123031448,The Oaks - Oakdale,7821,7891,8022,8130,8223,8321,8438,8568,8677,8753,8833,8953,9100,9140,9225,9314,9491,9678,9785,9841,9892
124011449,Blackheath - Megalong Valley,5285,5378,5409,5381,5398,5383,5401,5497,5547,5576,5638,5672,5698,5728,5725,5745,5742,5796,5825,5845,5813
124011450,Blaxland - Warrimoo - Lapstone,19307,19247,19165,19028,18834,18715,18757,18928,19073,19072,19110,19126,19221,19292,19378,19448,19493,19519,19519,19558,19410
124011451,Blue Mountains - North,27,27,27,27,27,27,27,27,27,27,27,24,21,19,16,13,13,13,13,13,13
124011452,Katoomba - Leura,13154,13220,13182,13014,12886,12748,12946,13205,13357,13414,13451,13449,13490,13641,13668,13563,13690,13858,13897,13984,13928
124011453,Lawson - Hazelbrook - Linden,10903,10963,10983,10874,10843,10856,10989,11166,11327,11337,11380,11437,11495,11532,11519,11514,11546,11566,11549,11533,11505
124011454,Springwood - Winmalee,22021,22128,22236,22145,22047,21929,21942,22171,22374,22471,22531,22428,22363,22242,22181,22144,22133,22070,21932,21902,21760
124011455,Wentworth Falls,5688,5750,5794,5793,5783,5788,5891,5996,6097,6128,6165,6168,6198,6196,6188,6195,6218,6249,6259,6260,6203
124021456,Blue Mountains - South,7,7,7,7,7,7,7,7,7,7,7,6,6,5,5,4,4,4,4,4,4
124031457,Cambridge Park,16628,16356,16117,15866,15703,15563,15482,15559,15675,15649,15578,15637,15719,15782,15880,16025,16077,16104,16073,16047,15919
124031458,Castlereagh - Cranebrook,16893,17064,17136,17019,17024,17093,17301,17589,17815,17903,17986,19031,20215,21359,22953,24364,25621,27147,28701,29886,30951
124031459,Emu Plains - Leonay,14466,14364,14218,14082,14012,13977,13975,14043,14175,14277,14337,14379,14479,14530,14534,14572,14558,14539,14460,14420,14353
124031460,Glenmore Park - Regentville,18115,18994,19481,19699,20072,20361,20580,21115,21335,21452,21575,21600,21632,21675,21710,21742,21804,21791,21816,21760,21610
124031461,Jamisontown - South Penrith,17524,17289,17032,16842,16760,16714,16732,16922,17128,17312,17438,17468,17523,17601,17675,17738,17734,17705,17758,17890,17895
124031462,Kingswood - Werrington,15599,15711,15688,15580,15625,15583,15925,16362,16704,17002,17697,17972,18249,18743,19389,20044,20772,21668,22713,23556,24344
124031463,Mulgoa - Luddenham - Orchard Hills,5948,6087,6174,6181,6242,6334,6384,6464,6523,6569,6653,7251,7969,8593,9257,9839,10332,11017,11496,11933,12354
124031464,Penrith,11813,11820,11764,11594,11607,11653,11792,11984,12101,12128,12232,12418,12695,13026,13317,13784,14293,14603,15104,15553,16367
124031465,Warragamba - Silverdale,4801,4827,4918,4969,5072,5115,5137,5186,5202,5189,5206,5243,5301,5351,5391,5337,5438,5493,5631,5764,5921
124041466,Richmond - Clarendon,13660,13635,13578,13482,13366,13296,13476,13697,13774,13820,13875,13946,14070,14103,14138,14204,14264,14414,14520,14721,14961
124041467,Windsor - Bligh Park,16105,15949,15885,15746,15594,15482,15621,15828,15874,15940,15978,15926,15896,15858,15797,15743,15704,15617,15505,15492,15395
124041468,Yarramundi - Londonderry,5963,6166,6260,6336,6447,6588,6614,6724,6903,7022,7090,7186,7289,7398,7506,7606,7756,7762,7739,7764,7737
124051469,Erskine Park,7307,7237,7159,7106,7085,7081,7006,7054,7145,7042,6896,6847,6820,6780,6732,6669,6652,6648,6591,6574,6498
124051470,St Clair,21498,21264,21087,20803,20700,20600,20604,20604,20598,20561,20532,20507,20519,20523,20528,20548,20546,20522,20562,20508,20394
124051580,Colyton - Oxley Park,10874,10819,10804,10731,10694,10664,10788,11021,11155,11191,11320,11450,11602,11707,11803,11927,12086,12269,12455,12739,12989
124051581,St Marys - North St Marys,13398,13461,13477,13486,13651,13662,14045,14353,14647,14870,15160,15385,15649,15895,16203,16497,16782,17056,17291,17439,17541
125011473,Homebush Bay - Silverwater,4607,5750,6600,7482,8624,9512,10387,10861,11327,11611,11865,12983,14625,15837,17402,19576,21201,22999,24674,26163,27301
125011475,Rookwood Cemetery,6,6,6,6,6,6,6,6,7,7,7,6,5,5,4,3,3,3,3,3,3
125011582,Auburn - Central,12623,12848,13602,14182,14572,14994,15297,15914,16330,16490,16526,16790,17131,17458,17782,18124,18676,19023,19559,19482,18841
125011583,Auburn - North,8421,8679,8847,9001,9274,9539,9787,10124,10349,10497,10517,10807,11109,11405,11685,11981,12447,12769,13084,12943,12350
125011584,Auburn - South,6605,6622,6558,6600,6664,6749,6942,7166,7509,7801,7991,8157,8332,8493,8653,8827,9068,9225,9340,9291,9042
125011585,Berala,7933,7953,7794,7867,8069,8036,8160,8349,8574,8798,8880,8928,8982,9034,9138,9280,9483,9581,9618,9537,9293
125011586,Lidcombe,14331,14394,14233,14388,14775,14981,15497,15930,16467,17072,17583,18230,18845,19467,20178,20904,21778,22490,23047,23264,23115
125011587,Regents Park,4484,4489,4453,4488,4631,4701,4875,4988,5075,5090,5133,5152,5173,5197,5213,5241,5291,5351,5365,5314,5192
125021476,Carlingford,24011,23946,23961,23921,24019,24060,24276,24634,25059,25366,25783,26095,26416,26910,27676,28394,29442,30347,31178,31495,31336
125021477,Ermington - Rydalmere,17943,17808,17717,17853,17982,17981,18640,19031,19426,19757,19881,20278,20716,21195,21618,22036,22923,23464,23852,24265,24612
125021478,Oatlands - Dundas Valley,15268,15136,15070,15184,15277,15248,15268,15491,15826,16095,16494,16888,17313,17619,17992,18454,18814,19219,19533,19516,19252
125031479,Chester Hill - Sefton,15789,15794,15788,15769,15903,16179,16406,16604,16911,17170,17302,17630,17984,18283,18706,19196,19721,20168,20584,20945,21147
125031480,Fairfield - East,13096,13121,13116,13048,13159,13247,13443,13707,14090,14455,14907,15189,15430,15636,15821,16049,16314,16477,16666,16532,16236
125031481,Granville - Clyde,16509,16296,16214,16261,16363,16669,17173,17942,18364,18819,19294,19810,20360,20843,21331,21841,22316,22733,23003,23062,22892
125031482,Greystanes - Pemulwuy,21478,21206,20956,20866,21176,21522,21914,22585,23235,23927,24509,25258,25995,26517,26894,27290,27756,28094,28394,28558,28548
125031483,Guildford - South Granville,16371,16221,16283,16454,16775,17168,17469,18043,18392,18789,19144,19706,20396,21053,21558,22073,22633,23166,23692,23933,23833
125031484,Guildford West - Merrylands West,17550,17570,17678,17684,17862,18029,18576,18946,19233,19558,19822,20096,20442,20812,21173,21525,21989,22305,22722,22860,22688
125031485,Merrylands - Holroyd,23011,23219,23366,23688,24082,24531,25240,25880,26440,26873,27208,27584,28066,28539,29130,29739,30535,31231,31800,32241,32268
125031486,Smithfield Industrial,8,8,8,8,8,8,11,14,17,20,23,20,18,16,14,11,11,11,11,11,11
125031487,Yennora Industrial,7,7,7,7,7,7,9,10,12,13,15,15,14,15,14,14,14,14,14,14,14
125041489,North Parramatta,17050,17235,17406,17618,17934,18424,19031,19737,20352,20869,21234,21607,22042,22446,22678,23072,23822,24398,24912,24922,24303
125041490,North Rocks,8022,7875,7791,7796,7824,7802,7783,7808,7926,8027,8016,8028,8061,8091,8121,8179,8255,8289,8396,8476,8510
125041491,Northmead,13306,13511,13628,13767,14094,14488,15168,15823,16642,17589,18141,18679,19332,20106,20622,21105,22006,22306,22494,22339,21621
125041492,Parramatta - Rosehill,16784,17698,18426,18986,19214,19734,20270,21277,22442,23150,24139,25030,26415,28207,29617,30480,32580,33730,34348,34716,33697
125041493,Toongabbie - Constitution Hill,19164,18955,19087,19243,19392,19737,20084,20319,20934,21366,21532,21701,21896,22087,22335,22570,22898,23102,23304,23324,23145
125041494,Winston Hills,10725,10458,10327,10337,10312,10317,10309,10386,10591,10727,10774,10819,10896,10958,10997,11044,11142,11229,11326,11384,11391
125041588,Pendle Hill - Girraween,9729,9832,9955,10065,10229,10491,10926,11320,11473,11786,12023,12246,12611,12845,13018,13289,13670,13881,14059,14165,13993
125041589,Wentworthville - Westmead,12688,12887,13037,13071,13280,13522,13857,14352,14695,14906,15143,15347,15579,15764,15967,16180,16698,17252,18167,18352,18126
126011495,Epping - North Epping,23009,22772,22774,23008,23149,23371,23669,23979,24268,24475,24688,25213,25857,26474,27312,28126,29090,30470,31690,32237,32213
126011496,Pennant Hills - Cheltenham,19293,19267,19252,19359,19352,19334,19365,19490,19832,20071,20261,20388,20528,20726,20946,21175,21488,21787,22013,22089,21968
126021497,Eastwood - Denistone,22243,22238,22211,22236,22299,22480,22910,23297,23655,23828,24317,24878,25278,25600,25894,26201,26644,26992,27436,27622,27299
126021498,Gladesville - Huntleys Point,13148,13253,13291,13433,13433,13472,13723,13917,14035,14109,14122,14250,14430,14625,14803,15001,15227,15533,15787,15855,15868
126021499,Hunters Hill - Woolwich,10280,10269,10279,10271,10242,10219,10258,10277,10304,10308,10306,10429,10566,10681,10765,10855,10927,10979,10994,10975,10911
126021500,Macquarie Park - Marsfield,17534,17710,17812,17857,17940,18068,18428,18762,19072,19376,19601,20224,20867,21439,22052,22689,23286,23806,24511,25187,25010
126021501,North Ryde - East Ryde,12055,11987,12008,12032,12035,12065,12113,12202,12325,12515,12517,12566,12600,12643,12688,12758,12965,13174,14150,14410,14470
126021503,West Ryde - Meadowbank,14993,15082,15237,15359,15578,15798,16455,16982,17097,17338,17977,18334,18636,19084,19645,20262,20891,21265,21773,22020,21832
126021590,Putney,4085,4052,4061,4066,4106,4132,4178,4237,4263,4295,4351,4335,4323,4306,4289,4272,4270,4254,4246,4231,4169
126021591,Ryde,20872,20892,20875,20843,20958,21110,21553,22052,22400,23014,23210,24156,25160,26083,27199,28309,29739,31000,32182,32859,33026
127011504,Ashcroft - Busby - Miller,16934,16746,16577,16500,16360,16243,16264,16354,16632,16920,17167,17299,17452,17622,17769,17919,18117,18266,18399,18323,18185
127011505,Austral - Greendale,8956,9137,9088,8919,8929,8982,8845,8890,8961,9095,9299,9297,9301,9299,9258,9210,9170,9113,9129,9951,11403
127011506,Cobbitty - Leppington,6218,6313,6344,6285,6278,6270,6207,6209,6248,6369,6625,7847,9220,11496,14433,18363,22455,26871,32146,37034,42386
127011592,Badgerys Creek,255,269,268,257,260,261,265,273,281,289,298,254,208,163,113,62,62,62,62,62,62
127011593,Cecil Hills,6034,6299,6576,6726,6867,7039,7164,7181,7201,7209,7203,7216,7237,7250,7262,7268,7297,7299,7294,7229,7192
127011594,Green Valley,11874,11998,12023,12144,12185,12307,12399,12552,12717,12832,12973,12972,12985,12991,12989,12993,13061,13142,13165,13102,12993
127011595,Hinchinbrook,9140,9396,9378,9473,9503,9597,9590,9714,9938,9960,9982,10282,10602,11131,12015,12735,13207,13479,13715,13798,13727
127011596,Hoxton Park - Carnes Hill - Horningsea Park,7249,7655,7899,8130,8297,8548,8665,8894,8968,9157,9330,9641,10134,10750,11395,12009,12565,12986,13301,13569,13684
127011597,West Hoxton - Middleton Grange,5101,6083,6771,7288,7753,8283,8855,9233,9792,10175,10781,11667,12549,13677,14747,15810,16673,17116,17446,17587,17769
127021509,Bonnyrigg Heights - Bonnyrigg,16448,16277,16112,15961,15873,15757,15668,15742,15781,15820,15943,16033,16191,16332,16456,16558,16764,16845,16913,16923,16803
127021510,Bossley Park - Abbotsbury,19256,19149,19046,18927,18887,18819,18943,19123,19244,19225,19177,19200,19288,19344,19395,19498,19712,19765,19798,19742,19505
127021511,Cabramatta - Lansvale,23497,23495,23415,23225,23262,23293,23369,23777,24116,24462,24605,24816,25026,25197,25335,25492,25768,25852,25890,25766,25347
127021512,Cabramatta West - Mount Pritchard,15884,15791,15717,15596,15640,15651,15937,16163,16302,16409,16484,16727,17000,17250,17486,17713,18018,18308,18495,18445,18331
127021513,Canley Vale - Canley Heights,19559,19339,19201,19008,18990,19028,19323,19637,20131,20326,20433,20627,20873,21071,21240,21458,21817,21999,22158,22003,21671
127021514,Edensor Park,9748,9749,9725,9683,9696,9720,9861,9964,10024,10010,9964,9985,10053,10099,10129,10198,10305,10312,10335,10211,10027
127021515,Fairfield,14897,14996,15213,15393,15688,15809,16122,16570,17035,17296,17662,17817,18007,18104,18215,18435,18779,19119,19292,19148,18680
127021516,Fairfield - West,16341,16468,16531,16520,16702,16840,17153,17549,17999,18143,18146,18427,18717,18941,19320,19801,20258,20524,20770,20793,20596
127021517,Greenfield Park - Prairiewood,8392,8266,8177,8099,8052,7998,8006,8095,8134,8120,8104,8163,8249,8369,8484,8636,8747,8801,8837,8820,8779
127021518,Horsley Park - Kemps Creek,3919,4017,4109,4133,4176,4223,4286,4400,4479,4525,4560,4588,4617,4632,4639,4650,4680,4682,4723,4685,4608
127021519,Smithfield - Wetherill Park,17517,17349,17154,16978,16950,16897,16933,17212,17474,17646,17698,17789,17949,18129,18316,18591,18930,19088,19208,19160,18878
127021520,St Johns Park - Wakeley,11454,11384,11286,11143,11084,11030,11062,11129,11183,11187,11157,11146,11148,11154,11159,11175,11223,11202,11184,11190,11096
127021521,Wetherill Park Industrial,21,21,21,21,21,21,22,23,25,26,27,29,31,32,34,36,36,36,36,36,36
127031522,Casula,11535,12164,12650,12960,13367,13651,13963,14356,14751,15076,15311,15494,15716,15897,16062,16255,16536,16801,16970,17081,17082
127031523,Chipping Norton - Moorebank,15513,15398,15198,15108,15000,14920,14936,15173,15563,15904,16209,16865,17548,18235,18826,19420,19943,20523,21049,21346,21460
127031524,Holsworthy - Wattle Grove,18063,18247,18215,18281,18316,18530,18921,19498,19950,20150,20408,20442,20512,20676,20944,21348,21569,21759,21903,21908,21804
127031598,Liverpool,21022,21203,21388,21532,21781,21913,22653,24057,24789,25139,25581,26023,26578,26935,27638,28523,29486,30480,31588,32467,32796
127031599,Lurnea - Cartwright,10489,10440,10373,10360,10417,10488,10577,10754,10860,11120,11310,11395,11539,11643,11821,12031,12237,12414,12579,12642,12674
127031600,Prestons - Edmondson Park,9310,10429,11094,11690,12303,13008,13655,14252,14928,15223,15465,15949,16494,16934,17493,18231,19222,20526,21616,22549,24033
127031601,Warwick Farm,4348,4288,4215,4141,4133,4114,4161,4299,4524,4653,4815,5064,5305,5534,5829,6052,6402,6647,6716,6781,6670
128011529,Gymea - Grays Point,16832,16815,16865,16844,16899,16868,16955,17189,17385,17428,17475,17607,17749,17868,17976,18080,18166,18242,18359,18468,18555
128011530,Miranda - Yowie Bay,16884,16980,17042,17028,17183,17233,17485,17932,18187,18351,18429,18499,18622,18725,18817,18905,19042,19129,19423,19774,20291
128011531,Sylvania - Taren Point,14705,14745,14753,14759,14814,14963,15140,15439,15700,15850,15889,16101,16331,16494,16636,16756,16912,17069,17188,17320,17366
128011602,Caringbah,9679,9854,9979,10093,10219,10303,10457,10719,11085,11315,11445,11570,11744,11909,12066,12222,12376,12584,12879,13147,13227
128011603,Caringbah South,11907,11952,11950,11919,11889,11847,11820,11857,11995,12068,12147,12214,12290,12358,12423,12484,12572,12695,12871,13007,13154
128011604,Cronulla - Kurnell - Bundeena,22018,22212,22140,22032,22025,22014,22234,22555,22841,22962,22944,23105,23398,23846,24353,24746,24984,25320,25605,25759,26102
128011605,Lilli Pilli - Port Hacking - Dolans Bay,3253,3261,3260,3262,3270,3263,3237,3227,3231,3227,3223,3216,3223,3228,3242,3263,3267,3278,3270,3272,3257
128011606,Woolaware - Burraneer,7549,7563,7509,7451,7420,7393,7503,7651,7748,7868,7956,7972,7992,8009,8021,8038,8224,8324,8390,8617,8838
128021533,Heathcote - Waterfall,6691,6661,6627,6588,6526,6479,6523,6606,6702,6716,6684,6680,6686,6689,6686,6681,6685,6701,6729,6701,6661
128021534,Illawong - Alfords Point,12003,11857,11682,11507,11373,11201,11321,11440,11462,11392,11232,11161,11100,11042,10960,10859,10787,10683,10597,10600,10563
128021535,Menai - Lucas Heights - Woronora,21802,21910,21940,21910,21869,21862,22009,22158,22228,22122,21820,21792,21794,21782,21762,21765,21736,21740,21715,21677,21592
128021536,Oyster Bay - Como - Jannali,21252,21152,21033,20871,20702,20557,20667,20972,21315,21408,21484,21529,21590,21664,21752,21839,21966,22092,22198,22259,22302
128021537,Royal National Park,20,20,20,20,20,20,20,19,19,18,18,20,22,24,26,28,28,28,28,28,28
128021538,Sutherland - Kirrawee,18564,18755,18893,18876,18823,18818,19221,19695,19878,20025,20159,20443,20718,20997,21251,21548,21833,22092,22380,22769,23467
128021607,Engadine,17075,17015,16908,16695,16509,16521,16550,16837,17149,17201,17233,17262,17302,17341,17368,17422,17421,17466,17498,17578,17564
128021608,Loftus - Yarrawarrah,7661,7656,7601,7524,7480,7453,7435,7449,7495,7500,7489,7479,7478,7472,7461,7451,7448,7450,7452,7445,7418
128021609,Woronora Heights,4006,4028,4002,3967,3939,3916,3962,3987,4015,4017,4010,3962,3905,3868,3818,3764,3699,3626,3569,3517,3488